time(millisecond),datetime(utc),latitude,longitude,height_above_takeoff(feet),height_above_ground_at_drone_location(feet),ground_elevation_at_drone_location(feet),altitude_above_seaLevel(feet),height_sonar(feet),speed(mph),distance(feet),mileage(feet),satellites,gpslevel,voltage(v),max_altitude(feet),max_ascent(feet),max_speed(mph),max_distance(feet), xSpeed(mph), ySpeed(mph), zSpeed(mph), compass_heading(degrees), pitch(degrees), roll(degrees),isPhoto,isVideo,rc_elevator,rc_aileron,rc_throttle,rc_rudder,rc_elevator(percent),rc_aileron(percent),rc_throttle(percent),rc_rudder(percent),gimbal_heading(degrees),gimbal_pitch(degrees),gimbal_roll(degrees),battery_percent,voltageCell1,voltageCell2,voltageCell3,voltageCell4,voltageCell5,voltageCell6,current(A),battery_temperature(f),altitude(feet),ascent(feet),flycStateRaw,flycState,message
445500,2023-07-20 18:40:15,52.2063838029679,0.0867344562294192,0,0,52.893416062668,52.991841262668,0,0,0,0,21,5,0,52.991841262668,0,0,0,0,0,0,293, 5, 0.4,0,0,1024,1024,1024,1024,0,0,0,0,277.3,0,0,34,3.761,3.764,3.763,3.764,0,0,0,93.38,52.991841262668,0,6,P-GPS,"Setting new Return-To-Home altitude to 26m (85 ft). Data Recorder File Index is 66. Setting new Maximum Flight Altitude to 120m (394 ft) Aircraft not in flight. Vision systems and obstacle avoidance disabled (Code: 180059)"
445700,2023-07-20 18:40:15,52.2063837069777,0.0867344692024281,0,0,52.893416062668,52.991841262668,0,0,90.500002896,0.035141733408,21,5,15.047,52.991841262668,0,0,90.500002896,0,0,0,293, 5, 0.4,0,0,1024,1024,1024,1024,0,0,0,0,277.3,0,0,34,3.761,3.764,3.763,3.764,0,0,1.567,93.38,52.991841262668,0,41,Motors_Started,
445900,2023-07-20 18:40:15,52.206383606854,0.0867344540486117,0,0,52.893416062668,52.991841262668,0,0,90.49869056,0.071828742456,21,5,15.047,52.991841262668,0,0,90.500002896,0,0,0,293, 5, 0.4,0,0,1024,1024,1024,1024,0,0,0,0,277.3,0,0,34,3.761,3.764,3.763,3.764,0,0,1.567,93.38,52.991841262668,0,41,Motors_Started,
446100,2023-07-20 18:40:15,52.2063835287815,0.0867344349246072,0,0,52.893416062668,52.991841262668,0,0,90.496065888,0.100632549152,21,5,15.047,52.991841262668,0,0,90.500002896,0,0,0,293, 5, 0.4,0,0,1024,1024,1024,1024,0,0,0,0,277.3,0,0,34,3.761,3.764,3.763,3.764,0,0,1.567,93.38,52.991841262668,0,41,Motors_Started,
446300,2023-07-20 18:40:16,52.2063834513729,0.0867344185405916,0,0,52.893416062668,52.991841262668,0,0,90.4937693,0.129111552688,21,5,15.047,52.991841262668,0,0,90.500002896,0,0,0,293, 5, 0.4,0,0,1024,1024,1024,1024,0,0,0,0,277.3,0,0,34,3.761,3.764,3.763,3.764,0,0,1.567,93.38,52.991841262668,0,41,Motors_Started,
446500,2023-07-20 18:40:16,52.2063833658794,0.0867344018769854,0,0,52.893416062668,52.991841262668,0,0,90.491800796,0.160525595688,21,5,15.047,52.991841262668,0,0,90.500002896,0,0,0,293, 5, 0.4,0,0,1024,1024,1024,1024,0,0,0,0,277.3,0,0,34,3.761,3.764,3.763,3.764,0,0,1.567,93.38,52.991841262668,0,41,Motors_Started,
446700,2023-07-20 18:40:16,52.2063832983806,0.0867343914482519,0,0,52.893416062668,52.991841262668,0,0,90.490816544,0.185262801204,21,5,14.94,52.991841262668,0,0,90.500002896,0,0,0,293, 5, 0.3,0,0,1024,1024,1024,1024,0,0,0,0,277.3,0,0,34,3.729,3.732,3.731,3.73,0,0,3.449,93.2,52.991841262668,0,41,Motors_Started,
446900,2023-07-20 18:40:16,52.2063832247308,0.0867344085592033,0,0,52.893416062668,52.991841262668,0,0,90.496065888,0.21240486244,21,5,14.94,52.991841262668,0,0,90.500002896,0,0,0,293, 5, 0.3,0,0,1024,1024,1024,1024,0,0,0,0,277.3,0,0,34,3.729,3.732,3.731,3.73,0,0,3.449,93.2,52.991841262668,0,41,Motors_Started,
447100,2023-07-20 18:40:16,52.2063831431116,0.0867344028555529,0,0,52.893416062668,52.991841262668,0,0,90.496393972,0.242210637672,21,5,14.94,52.991841262668,0,0,90.500002896,0,0,0,293, 5, 0.3,0,0,1024,1024,1024,1024,0,0,0,0,277.3,0,0,34,3.729,3.732,3.731,3.73,0,0,3.449,93.2,52.991841262668,0,11,AutoTakeoff,
447300,2023-07-20 18:40:17,52.2063830545853,0.0867343963690484,0,0,52.893416062668,52.991841262668,0,0,90.496722056,0.274542003536,21,5,14.94,52.991841262668,0,0,90.500002896,0,0,0,293, 5, 0.4,0,0,1024,1024,1024,1024,0,0,0,0,277.3,0,0,34,3.729,3.732,3.731,3.73,0,0,3.449,93.2,52.991841262668,0,11,AutoTakeoff,
447500,2023-07-20 18:40:17,52.20638299143,0.0867344015694356,0,0,52.893416062668,52.991841262668,0,0,90.499018644,0.297613526584,21,5,14.94,52.991841262668,0,0,90.500002896,0,0,0,293.1, 5, 0.4,0,0,1024,1024,1024,1024,0,0,0,0,277.3,0,0,34,3.729,3.732,3.731,3.73,0,0,3.449,93.2,52.991841262668,0,11,AutoTakeoff,
447700,2023-07-20 18:40:17,52.2063829053389,0.086734419071814,0,0,52.893416062668,52.991841262668,0,0,90.504924156,0.3292651024,21,5,15.008,52.991841262668,0,0,90.504924156,0,0,0,293.9, 0.8, 0.1,0,0,1024,1024,1684,1024,0,0,100,0,277.3,0,0,34,3.74,3.741,3.74,3.737,0,0,4.274,93.2,52.991841262668,0,11,AutoTakeoff,
447900,2023-07-20 18:40:17,52.2063827870105,0.0867344795752434,0,0,52.893416062668,52.991841262668,0.328084,0,90.520672188,0.374507886,21,5,15.008,52.991841262668,0,0,90.520672188,0,0,-0.671082,294.7, -1.5, 0.4,0,0,1024,1024,1684,1024,0,0,100,0,277.5,0,0,34,3.74,3.741,3.74,3.737,0,0,4.274,93.2,52.991841262668,0,11,AutoTakeoff,
448100,2023-07-20 18:40:17,52.2063827134656,0.0867343769095351,0.328084,0.328084,52.893416062668,53.319925262668,0.328084,0,90.499346728,0.40981956692,21,5,15.008,53.319925262668,0.328084,0,90.520672188,0,0,-1.565858,294.5, 1.4, 0,0,0,1024,1024,1024,1024,0,0,0,0,277.6,0,0,34,3.74,3.741,3.74,3.737,0,0,4.274,93.2,53.319925262668,0.328084,11,AutoTakeoff,
448300,2023-07-20 18:40:18,52.2063826191074,0.086734318503036,0.984252,0.984252,52.893416062668,53.976093262668,1.312336,0,90.488191872,0.44664043424,21,5,15.008,53.976093262668,0.984252,0,90.520672188,0,0,-2.684328,294.5, 0.6, 0.2,0,0,1024,1024,1024,1024,0,0,0,0,277.7,0,0,34,3.74,3.741,3.74,3.737,0,0,4.274,93.2,53.976093262668,0.984252,11,AutoTakeoff,
448500,2023-07-20 18:40:18,52.2063824649607,0.0867343243464818,1.64042,1.64042,52.893416062668,54.632261262668,1.968504,0,90.492785048,0.50289699772,22,5,15.008,54.632261262668,1.64042,0,90.520672188,0,0,-2.23694,294.3, -0.3, 1.9,0,0,1024,1024,1024,1024,0,0,0,0,277.8,0,0,34,3.74,3.741,3.74,3.737,0,0,4.274,93.2,54.632261262668,1.64042,11,AutoTakeoff,
448700,2023-07-20 18:40:18,52.2063824368055,0.0867344027996347,2.296588,2.296588,52.893416062668,55.288429262668,2.624672,0,90.510829668,0.52322508236,22,5,14.826,55.288429262668,2.296588,0,90.520672188,0,0,-1.565858,294.2, -0.8, 1.4,0,0,1024,1024,364,1024,0,0,-100,0,277.8,0,0,34,3.691,3.691,3.688,3.683,0,0,6.651,93.02,55.288429262668,2.296588,11,AutoTakeoff,
448900,2023-07-20 18:40:18,52.2063824374523,0.0867345090441041,2.624672,2.624672,52.893416062668,55.616513262668,2.952756,0,90.534451716,0.54697836396,22,5,14.826,55.616513262668,2.624672,0,90.534451716,0,0,-0.894776,294, -1, 0.5,0,0,1024,1024,364,1018,0,0,-100,-1,277.8,0,0,34,3.691,3.691,3.688,3.683,0,0,6.651,93.02,55.616513262668,2.624672,11,AutoTakeoff,
449100,2023-07-20 18:40:18,52.2063824066221,0.0867344917653983,2.952756,2.952756,52.893416062668,55.944597262668,3.28084,0,90.53149896,0.55887140896,22,5,14.826,55.944597262668,2.952756,0,90.534451716,0,0,0,293.9, -0.6, 1.2,0,0,1024,1024,364,1024,0,0,-100,0,277.9,0,0,34,3.691,3.691,3.688,3.683,0,0,6.651,93.02,55.944597262668,2.952756,11,AutoTakeoff,
449300,2023-07-20 18:40:19,52.2063824565351,0.0867344615975608,2.952756,2.952756,52.893416062668,55.944597262668,3.28084,0,90.523624944,0.57829398176,22,5,14.826,55.944597262668,2.952756,0,90.534451716,0,0,0,294, 0.1, 1.3,0,0,1024,1024,364,1024,0,0,-100,0,277.9,0,0,34,3.691,3.691,3.688,3.683,0,0,6.651,93.02,55.944597262668,2.952756,11,AutoTakeoff,
449500,2023-07-20 18:40:19,52.2063825494476,0.0867344202181359,2.952756,2.952756,52.893416062668,55.944597262668,3.28084,0,90.512470088,0.61343177816,22,5,14.826,55.944597262668,2.952756,0,90.534451716,0,0,0,294, 0.3, 1.3,0,0,1024,1024,364,1024,0,0,-100,0,277.9,0,0,34,3.691,3.691,3.688,3.683,0,0,6.651,93.02,55.944597262668,2.952756,11,AutoTakeoff,"Home Point updated (Code: 3000001)"
449700,2023-07-20 18:40:19,52.2063826155264,0.0867344638622455,2.952756,2.952756,52.893416062668,55.944597262668,2.952756,0,90.520672188,0.63943899684,22,5,14.886,55.944597262668,2.952756,0,90.534451716,0,0,0,294, 0.1, 1.3,0,0,1024,1024,364,1024,0,0,-100,0,277.9,0,0,34,3.717,3.717,3.716,3.712,0,0,7.682,93.02,55.944597262668,2.952756,11,AutoTakeoff,
449900,2023-07-20 18:40:19,52.2063826678896,0.0867345427068254,2.952756,2.952756,52.893416062668,55.944597262668,2.952756,0,90.537404472,0.665436373,22,5,14.886,55.944597262668,2.952756,0,90.537404472,0,0,0,294.1, 0, 1.7,0,0,1024,1024,1024,1024,0,0,0,0,277.9,0,0,34,3.717,3.717,3.716,3.712,0,0,7.682,93.02,55.944597262668,2.952756,11,AutoTakeoff,
450100,2023-07-20 18:40:19,52.2063827304045,0.0867346643567429,2.952756,2.952756,52.893416062668,55.944597262668,2.952756,0,90.563323108,0.70093178096,22,5,14.886,55.944597262668,2.952756,0,90.563323108,0,0,0,294.1, -0.2, 1.3,0,0,1024,1024,1024,1024,0,0,0,0,278,0,0,34,3.717,3.717,3.716,3.712,0,0,7.682,93.02,55.944597262668,2.952756,11,AutoTakeoff,
450300,2023-07-20 18:40:20,52.2063828169454,0.0867347960719259,2.952756,2.952756,52.893416062668,55.944597262668,3.28084,0,90.590882164,0.7441109162,22,5,14.886,55.944597262668,2.952756,0,90.590882164,0,0,-0.447388,294, -0.4, 1.2,0,0,1024,1024,1024,1024,0,0,0,0,278,0,0,34,3.717,3.717,3.716,3.712,0,0,7.682,93.02,55.944597262668,2.952756,11,AutoTakeoff,
450500,2023-07-20 18:40:20,52.2063828640892,0.0867349119902338,3.28084,3.28084,52.893416062668,56.272681262668,3.608924,0,90.615816548,0.77521656024,22,5,14.886,56.272681262668,3.28084,0,90.615816548,0,0,-0.894776,294.1, -0.8, 0.9,0,0,1024,1024,440,1024,0,0,-88,0,278,0,0,34,3.717,3.717,3.716,3.712,0,0,7.682,93.02,56.272681262668,3.28084,11,AutoTakeoff,
450700,2023-07-20 18:40:20,52.2063828670662,0.0867349884023745,3.608924,3.608924,52.893416062668,56.600765262668,3.937008,0,90.632548832,0.79233598336,22,5,14.828,56.600765262668,3.608924,0,90.632548832,0,0,-0.671082,294.2, -1.1, 0.8,0,0,1024,1024,505,1024,0,0,-79,0,278,0,0,34,3.693,3.699,3.7,3.699,0,0,8.088,93.02,56.600765262668,3.608924,6,P-GPS,
450900,2023-07-20 18:40:20,52.2063828252232,0.0867349928478668,3.608924,3.608924,52.893416062668,56.600765262668,3.937008,0,90.634517336,0.80763454028,22,5,14.828,56.600765262668,3.608924,0,90.634517336,0,0,0.223694,294.3, -0.5, 0.8,0,0,1024,1024,1024,1024,0,0,0,0,278,0,0,34,3.693,3.699,3.7,3.699,0,0,8.088,93.02,56.600765262668,3.608924,6,P-GPS,
451100,2023-07-20 18:40:20,52.2063827388258,0.0867349156808311,3.28084,3.28084,52.893416062668,56.272681262668,3.608924,0,90.619097388,0.8435695808,22,5,14.828,56.600765262668,3.608924,0,90.634517336,0,0,0.671082,294.1, 0, 0.5,0,0,1024,1024,1024,1024,0,0,0,0,278,0,0,34,3.693,3.699,3.7,3.699,0,0,8.088,93.02,56.272681262668,3.28084,6,P-GPS,
451300,2023-07-20 18:40:21,52.2063826151409,0.0867348189704049,3.28084,3.28084,52.893416062668,56.272681262668,3.608924,0,90.600068516,0.89360895248,22,5,14.828,56.600765262668,3.608924,0,90.634517336,0,0,0.223694,294.2, 0, 1.1,0,0,1024,1024,364,1024,0,0,-100,0,278,0,0,34,3.693,3.699,3.7,3.699,0,0,8.088,93.02,56.272681262668,3.28084,6,P-GPS,
451500,2023-07-20 18:40:21,52.206382484172,0.0867347004239443,3.28084,3.28084,52.893416062668,56.272681262668,3.28084,0,90.576446468,0.94825134268,22,5,14.828,56.600765262668,3.608924,0,90.634517336,0,0,0.223694,294.1, 0.1, 2.9,0,0,1024,1024,364,1024,0,0,-100,0,278,0,0,34,3.693,3.699,3.7,3.699,0,0,8.088,93.02,56.272681262668,3.28084,6,P-GPS,
451700,2023-07-20 18:40:21,52.2063824051229,0.0867346331544198,2.952756,2.952756,52.893416062668,55.944597262668,3.28084,0,90.562995024,0.98077759044,22,5,14.857,56.600765262668,3.608924,0,90.634517336,0,0,0.447388,294.3, 0.5, 2,0,0,1024,1024,720,1024,0,0,-46,0,278,0,0,34,3.693,3.7,3.7,3.711,0,0,8.137,93.02,55.944597262668,2.952756,6,P-GPS,
451900,2023-07-20 18:40:21,52.2063823502411,0.0867345913276497,2.952756,2.952756,52.893416062668,55.944597262668,2.952756,0,90.554792924,1.00287732868,22,5,14.857,56.600765262668,3.608924,0,90.634517336,0,0,0.671082,294.3, 0.8, 1.4,0,0,1024,1024,1024,1024,0,0,0,0,278,0,0,34,3.693,3.7,3.7,3.711,0,0,8.137,93.02,55.944597262668,2.952756,6,P-GPS,
452100,2023-07-20 18:40:21,52.2063822942006,0.0867346115700171,2.624672,2.624672,52.893416062668,55.616513262668,2.952756,0,90.560370352,1.0238189304,22,5,14.857,56.600765262668,3.608924,0,90.634517336,0,0,0.447388,294.3, 0.2, 1.6,0,0,1024,1024,1024,1024,0,0,0,0,278,0,0,34,3.693,3.7,3.7,3.711,0,0,8.137,93.02,55.616513262668,2.624672,6,P-GPS,
452300,2023-07-20 18:40:22,52.2063822768847,0.0867347115796136,2.624672,2.624672,52.893416062668,55.616513262668,2.624672,0,90.583336232,1.04705383928,22,5,14.857,56.600765262668,3.608924,0,90.634517336,0,0,0,294.3, 0, 1.3,0,0,1024,1024,466,1024,0,0,-85,0,278,0,0,34,3.693,3.7,3.7,3.711,0,0,8.137,93.02,55.616513262668,2.624672,6,P-GPS,
452500,2023-07-20 18:40:22,52.2063823110838,0.0867347990355874,2.624672,2.624672,52.893416062668,55.616513262668,2.624672,0,90.60203702,1.07024937808,23,5,14.857,56.600765262668,3.608924,0,90.634517336,0,0,0,294.2, -0.2, 0.9,0,0,1024,1024,364,1024,0,0,-100,0,278,0,0,34,3.693,3.7,3.7,3.711,0,0,8.137,93.02,55.616513262668,2.624672,6,P-GPS,
452700,2023-07-20 18:40:22,52.2063823268748,0.0867349286258809,2.296588,2.296588,52.893416062668,55.288429262668,2.624672,0,90.630580328,1.09979334228,23,5,14.814,56.600765262668,3.608924,0,90.634517336,0,0,0.223694,294.3, -0.2, 0.6,0,0,1024,1024,364,1024,0,0,-100,0,278,0,0,34,3.693,3.706,3.706,3.705,0,0,8.4,93.02,55.288429262668,2.296588,6,P-GPS,
452900,2023-07-20 18:40:22,52.2063823683301,0.0867350201918381,2.296588,2.296588,52.893416062668,55.288429262668,2.624672,0,90.650265368,1.125246099,23,5,14.814,56.600765262668,3.608924,0,90.650265368,0,0,0.447388,294.3, -0.3, 0.2,0,0,1024,1024,990,1024,0,0,-5,0,278,0,0,34,3.693,3.706,3.706,3.705,0,0,8.4,93.02,55.288429262668,2.296588,6,P-GPS,
453100,2023-07-20 18:40:22,52.2063824015419,0.0867351214875519,2.296588,2.296588,52.893416062668,55.288429262668,2.296588,0,90.671918912,1.15093179536,23,5,14.814,56.600765262668,3.608924,0,90.671918912,0,0,0.447388,294.3, -0.3, 0,0,0,1024,1024,1024,1024,0,0,0,0,278,0,0,34,3.693,3.706,3.706,3.705,0,0,8.4,93.02,55.288429262668,2.296588,6,P-GPS,
453300,2023-07-20 18:40:23,52.2063824135806,0.0867351748055001,1.968504,1.968504,52.893416062668,54.960345262668,2.296588,0,90.683729936,1.16363848868,23,5,14.814,56.600765262668,3.608924,0,90.683729936,0,0,0.223694,294.1, -0.7, 0,0,0,1024,1024,752,1024,0,0,-41,0,278,0,0,34,3.693,3.706,3.706,3.705,0,0,8.4,93.02,54.960345262668,1.968504,6,P-GPS,
453500,2023-07-20 18:40:23,52.2063824106657,0.0867352075455721,1.968504,1.968504,52.893416062668,54.960345262668,2.296588,0,90.690947784,1.17103350204,23,5,14.814,56.600765262668,3.608924,0,90.690947784,0,0,0,294, -0.7, 0,0,0,1024,1024,364,1024,0,0,-100,0,278,0,0,34,3.693,3.706,3.706,3.705,0,0,8.4,93.02,54.960345262668,1.968504,6,P-GPS,
453700,2023-07-20 18:40:23,52.2063823999356,0.0867351644606439,1.968504,1.968504,52.893416062668,54.960345262668,1.968504,0,90.681761432,1.18143376484,23,5,14.809,56.600765262668,3.608924,0,90.690947784,0,0,0.223694,294, -0.6, 0.1,0,0,1024,1024,1024,1024,0,0,0,0,278,0,0,34,3.7,3.701,3.697,3.691,0,0,8.252,93.02,54.960345262668,1.968504,6,P-GPS,
453900,2023-07-20 18:40:23,52.2063823776445,0.086735077340179,1.968504,1.968504,52.893416062668,54.960345262668,1.968504,0,90.66273256,1.2025426894,23,5,14.809,56.600765262668,3.608924,0,90.690947784,0,0,0.223694,293.8, -0.6, -0.3,0,0,1024,1024,1024,1024,0,0,0,0,278,0,0,34,3.7,3.701,3.697,3.691,0,0,8.252,93.02,54.960345262668,1.968504,6,P-GPS,
454100,2023-07-20 18:40:23,52.206382321514,0.0867349323444374,1.64042,1.64042,52.893416062668,54.632261262668,1.968504,0,90.63156458,1.24088586648,23,5,14.809,56.600765262668,3.608924,0,90.690947784,0,0,0.223694,294, -0.2, 0.2,0,0,1024,1024,1024,1024,0,0,0,0,278,0,0,34,3.7,3.701,3.697,3.691,0,0,8.252,93.02,54.632261262668,1.64042,6,P-GPS,
454300,2023-07-20 18:40:24,52.2063822167363,0.0867347667149014,1.64042,1.64042,52.893416062668,54.632261262668,1.968504,0,90.596787676,1.2941109338,23,5,14.809,56.600765262668,3.608924,0,90.690947784,0,0,0,294.2, 0, 1.2,0,0,1024,1024,1024,1024,0,0,0,0,278,0,0,34,3.7,3.701,3.697,3.691,0,0,8.252,93.02,54.632261262668,1.64042,6,P-GPS,
454500,2023-07-20 18:40:24,52.2063821512294,0.086734634021151,1.64042,1.64042,52.893416062668,54.632261262668,1.968504,0,90.568572452,1.33220804788,23,5,14.809,56.600765262668,3.608924,0,90.690947784,0,0,0,294.1, -0.3, 1.8,0,0,1024,1024,1024,1024,0,0,0,0,278,0,0,34,3.7,3.701,3.697,3.691,0,0,8.252,93.02,54.632261262668,1.64042,6,P-GPS,
454700,2023-07-20 18:40:24,52.2063821561789,0.0867345975066044,1.64042,1.64042,52.893416062668,54.632261262668,1.968504,0,90.560370352,1.34057090904,23,5,14.792,56.600765262668,3.608924,0,90.690947784,0,0,0,294, -0.1, 1.2,0,0,1024,1024,1024,1024,0,0,0,0,278,0,0,34,3.697,3.7,3.701,3.699,0,0,8.59,93.02,54.632261262668,1.64042,6,P-GPS,
454900,2023-07-20 18:40:24,52.2063821928046,0.0867345815140158,1.64042,1.64042,52.893416062668,54.632261262668,1.968504,0,90.55610526,1.35440293048,23,5,14.792,56.600765262668,3.608924,0,90.690947784,0,0,0,294.1, 0.1, 0,0,0,1024,1024,1024,1024,0,0,0,0,278,0,0,34,3.697,3.7,3.701,3.699,0,0,8.59,93.02,54.632261262668,1.64042,6,P-GPS,
455100,2023-07-20 18:40:24,52.2063821688408,0.0867345486061894,1.64042,1.64042,52.893416062668,54.632261262668,1.968504,0,90.549215496,1.3658300962,23,5,14.792,56.600765262668,3.608924,0,90.690947784,0,0,0,294.1, 0, 0.3,0,0,1024,1024,1024,1024,0,0,0,0,278,0,0,34,3.697,3.7,3.701,3.699,0,0,8.59,93.02,54.632261262668,1.64042,6,P-GPS,
455300,2023-07-20 18:40:25,52.2063821047474,0.0867345071149282,1.64042,1.64042,52.893416062668,54.632261262668,1.968504,0,90.54134148,1.39098757732,23,5,14.792,56.600765262668,3.608924,0,90.690947784,0,0,0,294, -0.1, 1.4,0,0,1024,1024,1024,1024,0,0,0,0,278,0,0,34,3.697,3.7,3.701,3.699,0,0,8.59,93.02,54.632261262668,1.64042,6,P-GPS,
455500,2023-07-20 18:40:25,52.2063820584218,0.0867344929117202,1.64042,1.64042,52.893416062668,54.632261262668,1.968504,0,90.539044892,1.4081857406,23,5,14.792,56.600765262668,3.608924,0,90.690947784,0,0,0,293.8, -0.4, 1.6,0,0,1024,1024,1024,1024,0,0,0,0,278,0,0,34,3.697,3.7,3.701,3.699,0,0,8.59,93.02,54.632261262668,1.64042,6,P-GPS,
455700,2023-07-20 18:40:25,52.2063820642773,0.0867344649246902,1.64042,1.64042,52.893416062668,54.632261262668,1.968504,0,90.532811296,1.4147966332,23,5,14.795,56.600765262668,3.608924,0,90.690947784,0,0,0,294, -0.2, 1.3,0,0,1024,1024,1024,1024,0,0,0,0,278,0,0,34,3.697,3.701,3.7,3.699,0,0,8.359,93.2,54.632261262668,1.64042,6,P-GPS,
455900,2023-07-20 18:40:25,52.2063820960841,0.086734454188407,1.64042,1.64042,52.893416062668,54.632261262668,1.968504,0,90.529530456,1.42664702728,23,5,14.795,56.600765262668,3.608924,0,90.690947784,0,0,0,294.1, -0.4, 0.8,0,0,1105,1024,1024,1024,12,0,0,0,278,0,0,34,3.697,3.701,3.7,3.699,0,0,8.359,93.2,54.632261262668,1.64042,6,P-GPS,
456100,2023-07-20 18:40:25,52.2063821531269,0.0867344458286448,1.64042,1.64042,52.893416062668,54.632261262668,1.968504,0,90.5265777,1.44754269724,23,5,14.795,56.600765262668,3.608924,0,90.690947784,0,0,0,294, -0.3, 0.2,0,0,1684,1024,1024,1024,100,0,0,0,278,0,0,34,3.697,3.701,3.7,3.699,0,0,8.359,93.2,54.632261262668,1.64042,6,P-GPS,
456300,2023-07-20 18:40:26,52.2063821877394,0.0867344049524832,1.64042,1.64042,52.893416062668,54.632261262668,1.968504,0,90.51673518,1.46313324892,23,5,14.795,56.600765262668,3.608924,0,90.690947784,0,0,0,294.1, -0.5, 0,0,0,1642,1024,1024,1024,94,0,0,0,278,0,0,34,3.697,3.701,3.7,3.699,0,0,8.359,93.2,54.632261262668,1.64042,6,P-GPS,
456500,2023-07-20 18:40:26,52.2063821760156,0.0867342883072394,1.64042,1.64042,52.893416062668,54.632261262668,1.968504,0,90.490816544,1.48956041512,23,5,14.795,56.600765262668,3.608924,0,90.690947784,0,0,0,293.8, -0.9, 0.4,0,0,1616,1024,1024,1024,90,0,0,0,278,0,0,34,3.697,3.701,3.7,3.699,0,0,8.359,93.2,54.632261262668,1.64042,6,P-GPS,
456700,2023-07-20 18:40:26,52.2063821504476,0.0867340589030628,1.64042,1.64042,52.893416062668,54.632261262668,1.968504,0,90.440291608,1.54169624356,23,5,14.79,56.600765262668,3.608924,0,90.690947784,0,0,0,293.8, -0.9, 0.7,0,0,1582,1024,1024,1024,85,0,0,0,278,0,0,34,3.696,3.701,3.7,3.699,0,0,8.352,93.2,54.632261262668,1.64042,6,P-GPS,
456900,2023-07-20 18:40:26,52.2063821413581,0.0867337655005729,1.64042,1.64042,52.893416062668,54.632261262668,1.968504,0,90.375002892,1.60737866036,23,5,14.79,56.600765262668,3.608924,0,90.690947784,0,0,0,293.8, -0.4, 1,0,0,1568,1024,1024,1024,82,0,0,0,278,0,0,34,3.696,3.701,3.7,3.699,0,0,8.352,93.2,54.632261262668,1.64042,6,P-GPS,
457100,2023-07-20 18:40:27,52.2063821617838,0.0867334215201237,1.64042,1.64042,52.893416062668,54.632261262668,1.968504,0.223694,90.297575068,1.68464900404,23,5,14.79,56.600765262668,3.608924,0.223694,90.690947784,0,-0.223694,0,293.9, -0.8, 0.5,0,0,1571,1024,1024,1024,83,0,0,0,278,0,0,34,3.696,3.701,3.7,3.699,0,0,8.352,93.2,54.632261262668,1.64042,6,P-GPS,
457300,2023-07-20 18:40:27,52.2063821890095,0.0867330056009852,1.64042,1.64042,52.893416062668,54.632261262668,1.968504,0.223694,90.204399212,1.77817262908,23,5,14.79,56.600765262668,3.608924,0.223694,90.690947784,0,-0.223694,0,294.1, -0.8, 0.2,0,0,1573,1024,1024,1024,83,0,0,0,278,0,0,34,3.696,3.701,3.7,3.699,0,0,8.352,93.2,54.632261262668,1.64042,6,P-GPS,
457500,2023-07-20 18:40:27,52.206382200834,0.0867325330926871,1.64042,1.64042,52.893416062668,54.632261262668,1.968504,0.223694,90.09842808,1.8839075406,23,5,14.79,56.600765262668,3.608924,0.223694,90.690947784,0,-0.223694,0,294, -0.4, 1.2,0,0,1571,1024,1024,1024,83,0,0,0,278,0,0,34,3.696,3.701,3.7,3.699,0,0,8.352,93.2,54.632261262668,1.64042,6,P-GPS,
457700,2023-07-20 18:40:27,52.2063822438635,0.0867320936599699,1.64042,1.64042,52.893416062668,54.632261262668,1.968504,0.223694,89.999674796,1.98340557528,23,5,14.789,56.600765262668,3.608924,0.223694,90.690947784,0,-0.223694,0,294.1, -0.7, 1.4,0,0,1570,1024,1024,1024,83,0,0,0,278,0,0,34,3.695,3.701,3.698,3.696,0,0,8.293,93.38,54.632261262668,1.64042,6,P-GPS,
457900,2023-07-20 18:40:27,52.2063823139644,0.086731619222496,1.64042,1.64042,52.893416062668,54.632261262668,1.968504,0.223694,89.892063244,2.09252303284,23,5,14.789,56.600765262668,3.608924,0.223694,90.690947784,0,-0.223694,0,294.1, -0.9, 1.3,0,0,1564,1024,1024,1024,82,0,0,0,278,0,0,34,3.695,3.701,3.698,3.696,0,0,8.293,93.38,54.632261262668,1.64042,6,P-GPS,
458100,2023-07-20 18:40:27,52.2063824109527,0.0867310953813438,1.64042,1.64042,52.893416062668,54.632261262668,1.968504,0.223694,89.773296836,2.21487539896,23,5,14.789,56.600765262668,3.608924,0.223694,90.690947784,0,-0.223694,0,294.1, -0.6, 1.2,0,0,1558,1024,1024,1024,81,0,0,0,278,0,0,34,3.695,3.701,3.698,3.696,0,0,8.293,93.38,54.632261262668,1.64042,6,P-GPS,
458300,2023-07-20 18:40:28,52.206382511584,0.0867306076633112,1.64042,1.64042,52.893416062668,54.632261262668,1.968504,0.223694,89.66207636,2.3299377386,23,5,14.789,56.600765262668,3.608924,0.223694,90.690947784,0,-0.223694,0,294.3, -0.7, 0.9,0,0,1552,1024,1024,1024,80,0,0,0,278,0,0,34,3.695,3.701,3.698,3.696,0,0,8.293,93.38,54.632261262668,1.64042,6,P-GPS,
458500,2023-07-20 18:40:28,52.2063826415677,0.0867300838221591,1.64042,1.64042,52.893416062668,54.632261262668,1.968504,0.223694,89.542653784,2.4562992912,23,5,14.789,56.600765262668,3.608924,0.223694,90.690947784,0,-0.223694,0,294.2, -0.6, 1,0,0,1532,1024,1024,1024,77,0,0,0,278,0,0,34,3.695,3.701,3.698,3.696,0,0,8.293,93.38,54.632261262668,1.64042,6,P-GPS,
458700,2023-07-20 18:40:28,52.206382764548,0.0867295787415434,1.64042,1.64042,52.893416062668,54.632261262668,1.968504,0.223694,89.427168216,2.57781504312,23,5,14.78,56.600765262668,3.608924,0.223694,90.690947784,0,-0.223694,0,294.2, -0.8, 0.7,0,0,1513,1024,1024,1024,74,0,0,0,278,0,0,34,3.694,3.699,3.696,3.695,0,0,8.393,93.38,54.632261262668,1.64042,6,P-GPS,
458900,2023-07-20 18:40:28,52.2063828943861,0.0867290427381954,1.64042,1.64042,52.893416062668,54.632261262668,1.968504,0.223694,89.304792884,2.70667987664,23,5,14.78,56.600765262668,3.608924,0.223694,90.690947784,0,-0.223694,0,294.2, -0.5, 0.9,0,0,1493,1024,1024,1024,71,0,0,0,278,0,0,34,3.694,3.699,3.696,3.695,0,0,8.393,93.38,54.632261262668,1.64042,6,P-GPS,
459100,2023-07-20 18:40:28,52.2063830294993,0.0867285311710753,1.64042,1.64042,52.893416062668,54.632261262668,1.968504,0.223694,89.18799498,2.83123040556,23,5,14.78,56.600765262668,3.608924,0.223694,90.690947784,0,-0.223694,0,294.2, 0.2, 0.1,0,0,1408,1024,1024,1024,58,0,0,0,278,0,0,34,3.694,3.699,3.696,3.695,0,0,8.393,93.38,54.632261262668,1.64042,6,P-GPS,
459300,2023-07-20 18:40:29,52.2063831159738,0.0867280531548403,1.64042,1.64042,52.893416062668,54.632261262668,1.968504,0.223694,89.079399176,2.942667417,23,5,14.78,56.600765262668,3.608924,0.223694,90.690947784,0,-0.223694,0,294.2, 0.6, 0.9,0,0,1024,1024,1024,1024,0,0,0,0,278,0,0,34,3.694,3.699,3.696,3.695,0,0,8.393,93.38,54.632261262668,1.64042,6,P-GPS,
459500,2023-07-20 18:40:29,52.2063831925235,0.0867277023244188,1.64042,1.64042,52.893416062668,54.632261262668,1.968504,0,88.999674764,3.02593185536,23,5,14.78,56.600765262668,3.608924,0.223694,90.690947784,0,0,0,294, 1, 0.5,0,0,1024,1024,1024,1024,0,0,0,0,278,0,0,34,3.694,3.699,3.696,3.695,0,0,8.393,93.38,54.632261262668,1.64042,6,P-GPS,
459700,2023-07-20 18:40:29,52.2063832341351,0.0867274790712378,1.64042,1.64042,52.893416062668,54.632261262668,1.968504,0,88.948821744,3.07810705388,23,5,14.783,56.600765262668,3.608924,0.223694,90.690947784,0,0,0,294, 0.8, 0.2,0,0,1024,1024,1024,1024,0,0,0,0,278,0,0,34,3.695,3.699,3.698,3.695,0,0,8.321,93.38,54.632261262668,1.64042,6,P-GPS,
459900,2023-07-20 18:40:29,52.2063832231759,0.0867273590429464,1.64042,1.64042,52.893416062668,54.632261262668,1.968504,0,88.92224694,3.10523960068,23,5,14.783,56.600765262668,3.608924,0.223694,90.690947784,0,0,0,294.1, -0.3, 0.7,0,0,1024,1024,1024,1024,0,0,0,0,278,0,0,34,3.695,3.699,3.698,3.695,0,0,8.321,93.38,54.632261262668,1.64042,6,P-GPS,
460100,2023-07-20 18:40:30,52.2063832028851,0.0867272719504406,1.64042,1.64042,52.893416062668,54.632261262668,1.968504,0,88.903218068,3.12607293468,23,5,14.783,56.600765262668,3.608924,0.223694,90.690947784,0,0,0,293.9, -0.1, 0.2,0,0,1024,1024,1024,1024,0,0,0,0,278,0,0,34,3.695,3.699,3.698,3.695,0,0,8.321,93.38,54.632261262668,1.64042,6,P-GPS,
460300,2023-07-20 18:40:30,52.2063831631197,0.0867271966287037,1.64042,1.64042,52.893416062668,54.632261262668,1.968504,0,88.887141952,3.14830062568,23,5,14.783,56.600765262668,3.608924,0.223694,90.690947784,0,0,0,294.1, -0.8, -0.4,0,0,1024,1024,1024,1024,0,0,0,0,278,0,0,34,3.695,3.699,3.698,3.695,0,0,8.321,93.38,54.632261262668,1.64042,6,P-GPS,
460500,2023-07-20 18:40:30,52.2063831028385,0.0867270553235594,1.64042,1.64042,52.893416062668,54.632261262668,1.968504,0,88.856958224,3.18679800224,23,5,14.783,56.600765262668,3.608924,0.223694,90.690947784,0,0,0,294.1, 0.2, 0.5,0,0,1024,1024,1024,1024,0,0,0,0,278,0,0,34,3.695,3.699,3.698,3.695,0,0,8.321,93.38,54.632261262668,1.64042,6,P-GPS,
460700,2023-07-20 18:40:30,52.2063830281628,0.0867269959664519,1.64042,1.64042,52.893416062668,54.632261262668,1.968504,0,88.8451472,3.21710312132,23,5,14.781,56.600765262668,3.608924,0.223694,90.690947784,0,0,0,294.1, -0.3, 0.8,0,0,1024,1024,1024,1024,0,0,0,0,278,0,0,33,3.694,3.7,3.696,3.695,0,0,8.315,93.38,54.632261262668,1.64042,6,P-GPS,
460900,2023-07-20 18:40:30,52.206382953545,0.0867269579141564,1.64042,1.64042,52.893416062668,54.632261262668,1.968504,0,88.838257436,3.24562346344,23,5,14.781,56.600765262668,3.608924,0.223694,90.690947784,0,0,0,294, -0.6, 0.8,0,0,1024,1024,1024,1024,0,0,0,0,278,0,0,33,3.694,3.7,3.696,3.695,0,0,8.315,93.38,54.632261262668,1.64042,6,P-GPS,
461100,2023-07-20 18:40:30,52.2063828772972,0.0867268954256329,1.64042,1.64042,52.893416062668,54.632261262668,1.968504,0,88.825790244,3.2767553542,23,5,14.781,56.600765262668,3.608924,0.223694,90.690947784,0,0,0,294.1, -1.1, 1.5,0,0,1024,1024,1024,1024,0,0,0,0,278,0,0,33,3.694,3.7,3.696,3.695,0,0,8.315,93.38,54.632261262668,1.64042,6,P-GPS,
461300,2023-07-20 18:40:31,52.2063828723177,0.0867268230675575,1.64042,1.64042,52.893416062668,54.632261262668,1.968504,0,88.809714128,3.2930447248,23,5,14.781,56.600765262668,3.608924,0.223694,90.690947784,0,0,0,294.2, -0.7, 0.3,0,0,1024,1024,1024,1024,0,0,0,0,278,0,0,33,3.694,3.7,3.696,3.695,0,0,8.315,93.38,54.632261262668,1.64042,6,P-GPS,
461500,2023-07-20 18:40:31,52.2063828443938,0.0867267209051125,1.64042,1.64042,52.893416062668,54.632261262668,1.968504,0,88.7877325,3.3180447256,23,5,14.781,56.600765262668,3.608924,0.223694,90.690947784,0,0,0,294.1, -0.3, 0.1,0,0,1024,1024,1024,1024,0,0,0,0,278,0,0,33,3.694,3.7,3.696,3.695,0,0,8.315,93.38,54.632261262668,1.64042,6,P-GPS,
461700,2023-07-20 18:40:31,52.2063827552786,0.0867266024425291,1.64042,1.64042,52.893416062668,54.632261262668,1.968504,0,88.7631262,3.3599738608,23,5,14.772,56.600765262668,3.608924,0.223694,90.690947784,0,0,0,293.9, 0.1, 1.3,0,0,1024,1024,1024,1024,0,0,0,0,278,0,0,33,3.692,3.697,3.697,3.696,0,0,8.376,93.38,54.632261262668,1.64042,6,P-GPS,
461900,2023-07-20 18:40:31,52.206382672051,0.0867265718553056,1.64042,1.64042,52.893416062668,54.632261262668,1.968504,0,88.757876856,3.3911090324,23,5,14.772,56.600765262668,3.608924,0.223694,90.690947784,0,0,0,294, -0.6, 1.5,0,0,1024,1024,1024,1024,0,0,0,0,278,0,0,33,3.692,3.697,3.697,3.696,0,0,8.376,93.38,54.632261262668,1.64042,6,P-GPS,
462100,2023-07-20 18:40:31,52.2063826487854,0.0867265914546142,1.64042,1.64042,52.893416062668,54.632261262668,1.968504,0,88.762798116,3.4006562768,23,5,14.772,56.600765262668,3.608924,0.223694,90.690947784,0,0,0,294.1, -0.7, 1.3,0,0,1024,1024,1024,1024,0,0,0,0,278,0,0,33,3.692,3.697,3.697,3.696,0,0,8.376,93.38,54.632261262668,1.64042,6,P-GPS,
462300,2023-07-20 18:40:32,52.2063826601537,0.0867266267389617,1.64042,1.64042,52.893416062668,54.632261262668,1.968504,0,88.770344048,3.4095801616,23,5,14.772,56.600765262668,3.608924,0.223694,90.690947784,0,0,0,293.8, -0.8, 0,0,0,1024,1024,1024,1024,0,0,0,0,278,0,0,33,3.692,3.697,3.697,3.696,0,0,8.376,93.38,54.632261262668,1.64042,6,P-GPS,
462500,2023-07-20 18:40:32,52.2063826536749,0.0867265948656209,1.64042,1.64042,52.893416062668,54.632261262668,1.968504,0,88.763454284,3.4170932852,23,5,14.772,56.600765262668,3.608924,0.223694,90.690947784,0,0,0,294, -0.8, -0.3,0,0,1024,1024,1024,1024,0,0,0,0,278,0,0,33,3.692,3.697,3.697,3.696,0,0,8.376,93.38,54.632261262668,1.64042,6,P-GPS,
462700,2023-07-20 18:40:32,52.2063825881209,0.0867264994133529,1.64042,1.64042,52.893416062668,54.632261262668,1.968504,0,88.74344116,3.449147092,23,5,14.771,56.600765262668,3.608924,0.223694,90.690947784,0,0,0,294, -0.7, 0.5,0,0,1024,1024,1024,1024,0,0,0,0,278,0,0,33,3.692,3.695,3.695,3.693,0,0,8.286,93.56,54.632261262668,1.64042,6,P-GPS,
462900,2023-07-20 18:40:32,52.2063825034626,0.086726351174359,1.64042,1.64042,52.893416062668,54.632261262668,1.968504,0,88.71227318,3.4944554924,23,5,14.771,56.600765262668,3.608924,0.223694,90.690947784,0,0,0,294.3, -0.1, 1.2,0,0,1024,1024,1024,1024,0,0,0,0,278,0,0,33,3.692,3.695,3.695,3.693,0,0,8.286,93.56,54.632261262668,1.64042,6,P-GPS,
463100,2023-07-20 18:40:32,52.2063824443615,0.0867262568404538,1.64042,1.64042,52.893416062668,54.632261262668,1.968504,0,88.69258814,3.524606412,23,5,14.771,56.600765262668,3.608924,0.223694,90.690947784,0,0,0,294.4, 0, 0.6,0,0,1024,1024,1024,1024,0,0,0,0,278,0,0,33,3.692,3.695,3.695,3.693,0,0,8.286,93.56,54.632261262668,1.64042,6,P-GPS,
463300,2023-07-20 18:40:33,52.2063823729155,0.0867262139512391,1.64042,1.64042,52.893416062668,54.632261262668,1.968504,0,88.68438604,3.5523951268,23,5,14.771,56.600765262668,3.608924,0.223694,90.690947784,0,0,0,294.3, -0.7, 1,0,0,1024,1024,1024,1024,0,0,0,0,278,0,0,33,3.692,3.695,3.695,3.693,0,0,8.286,93.56,54.632261262668,1.64042,6,P-GPS,
463500,2023-07-20 18:40:33,52.2063823415649,0.0867261935411173,1.64042,1.64042,52.893416062668,54.632261262668,1.968504,0,88.680449032,3.5646982768,23,5,14.771,56.600765262668,3.608924,0.223694,90.690947784,0,0,0,294, -0.2, 1.4,0,0,1024,1024,1024,1024,0,0,0,0,278,0,0,33,3.692,3.695,3.695,3.693,0,0,8.286,93.56,54.632261262668,1.64042,6,P-GPS,
463700,2023-07-20 18:40:33,52.2063823615901,0.0867262394499117,1.64042,1.64042,52.893416062668,54.632261262668,1.968504,0,88.690291552,3.5772967024,22,5,14.773,56.600765262668,3.608924,0.223694,90.690947784,0,0,0,294, -0.6, 0.7,0,0,1024,1024,1024,1024,0,0,0,0,278,0,0,33,3.693,3.694,3.694,3.692,0,0,8.291,93.56,54.632261262668,1.64042,6,P-GPS,
463900,2023-07-20 18:40:33,52.2063823874429,0.0867262574555534,1.64042,1.64042,52.893416062668,54.632261262668,1.968504,0,88.693900476,3.5875657316,22,5,14.773,56.600765262668,3.608924,0.223694,90.690947784,0,0,0,294.2, -1.2, -0.2,0,0,1024,1024,1024,1024,0,0,0,0,278,0,0,33,3.693,3.694,3.694,3.692,0,0,8.291,93.56,54.632261262668,1.64042,6,P-GPS,
464100,2023-07-20 18:40:33,52.2063824034116,0.0867261851533961,1.64042,1.64042,52.893416062668,54.632261262668,1.968504,0,88.677496276,3.6047245248,22,5,14.773,56.600765262668,3.608924,0.223694,90.690947784,0,0,0,294.1, -0.4, 0.1,0,0,1024,1024,1024,1024,0,0,0,0,278,0,0,33,3.693,3.694,3.694,3.692,0,0,8.291,93.56,54.632261262668,1.64042,6,P-GPS,
464300,2023-07-20 18:40:34,52.2063823894304,0.086726081005857,1.64042,1.64042,52.893416062668,54.632261262668,1.968504,0,88.654530396,3.6285762316,22,5,14.773,56.600765262668,3.608924,0.223694,90.690947784,0,0,0,294.1, -0.1, 0.6,0,0,1024,1024,1024,1024,0,0,0,0,278,0,0,33,3.693,3.694,3.694,3.692,0,0,8.291,93.56,54.632261262668,1.64042,6,P-GPS,
464500,2023-07-20 18:40:34,52.2063823738858,0.0867260094865537,1.64042,1.64042,52.893416062668,54.632261262668,1.968504,0,88.638782364,3.6455381744,22,5,14.773,56.600765262668,3.608924,0.223694,90.690947784,0,0,0,293.9, -0.5, 1.5,0,0,1024,1024,1024,1024,0,0,0,0,278,0,0,33,3.693,3.694,3.694,3.692,0,0,8.291,93.56,54.632261262668,1.64042,6,P-GPS,
464700,2023-07-20 18:40:34,52.206382423833,0.0867260047335116,1.64042,1.64042,52.893416062668,54.632261262668,1.968504,0,88.63681386,3.6637796448,22,5,14.768,56.600765262668,3.608924,0.223694,90.690947784,0,0,0,293.9, -0.5, 0.2,0,0,1024,1024,1024,1024,0,0,0,0,278,0,0,33,3.694,3.694,3.695,3.693,0,0,8.375,93.56,54.632261262668,1.64042,6,P-GPS,
464900,2023-07-20 18:40:34,52.2063824926789,0.0867260011827096,1.64042,1.64042,52.893416062668,54.632261262668,1.968504,0,88.634517272,3.6889108792,23,5,14.768,56.600765262668,3.608924,0.223694,90.690947784,0,0,0,294.1, 0, -1.2,0,0,1024,1024,1024,1024,0,0,0,0,278,0,0,33,3.694,3.694,3.695,3.693,0,0,8.375,93.56,54.632261262668,1.64042,6,P-GPS,
465100,2023-07-20 18:40:34,52.2063825139977,0.0867259640810226,1.64042,1.64042,52.893416062668,54.632261262668,1.968504,0,88.625659004,3.700295394,23,5,14.768,56.600765262668,3.608924,0.223694,90.690947784,0,0,0,294.2, -0.3, -1.1,0,0,1024,1024,1024,1024,0,0,0,0,278,0,0,33,3.694,3.694,3.695,3.693,0,0,8.375,93.56,54.632261262668,1.64042,6,P-GPS,
465300,2023-07-20 18:40:35,52.2063824728337,0.0867259053110555,1.64042,1.64042,52.893416062668,54.632261262668,1.968504,0,88.613519896,3.7202429012,23,5,14.768,56.600765262668,3.608924,0.223694,90.690947784,0,0,0,294.2, -0.6, 0,0,0,1024,1024,1024,1024,0,0,0,0,278,0,0,33,3.694,3.694,3.695,3.693,0,0,8.375,93.56,54.632261262668,1.64042,6,P-GPS,
465500,2023-07-20 18:40:35,52.2063823923946,0.0867258314711493,1.64042,1.64042,52.893416062668,54.632261262668,1.968504,0,88.598756116,3.753937128,23,5,14.768,56.600765262668,3.608924,0.223694,90.690947784,0,0,0,294.2, -0.9, 0.4,0,0,1024,1024,1024,1024,0,0,0,0,278,0,0,33,3.694,3.694,3.695,3.693,0,0,8.375,93.56,54.632261262668,1.64042,6,P-GPS,
465700,2023-07-20 18:40:35,52.2063823412458,0.0867257224587319,1.64042,1.64042,52.893416062668,54.632261262668,1.968504,0,88.575462152,3.784612982,23,5,14.762,56.600765262668,3.608924,0.223694,90.690947784,0,0,0,294.2, -0.6, 0.9,0,0,1024,1024,1024,1024,0,0,0,0,278,0,0,33,3.692,3.693,3.694,3.691,0,0,8.382,93.56,54.632261262668,1.64042,6,P-GPS,
465900,2023-07-20 18:40:35,52.2063822964365,0.0867256430270115,1.64042,1.64042,52.893416062668,54.632261262668,1.968504,0,88.558729868,3.8087599644,23,5,14.762,56.600765262668,3.608924,0.223694,90.690947784,0,0,0,294, -0.4, 1.3,0,0,1024,1024,1024,1024,0,0,0,0,278,0,0,33,3.692,3.693,3.694,3.691,0,0,8.382,93.56,54.632261262668,1.64042,6,P-GPS,
466100,2023-07-20 18:40:35,52.2063823014824,0.0867255888423321,1.64042,1.64042,52.893416062668,54.632261262668,1.968504,0,88.54659076,3.821030306,23,5,14.762,56.600765262668,3.608924,0.223694,90.690947784,0,0,0,294.1, 0, 0.8,0,0,1024,1024,1024,1024,0,0,0,0,278,0,0,33,3.692,3.693,3.694,3.691,0,0,8.382,93.56,54.632261262668,1.64042,6,P-GPS,
466300,2023-07-20 18:40:36,52.2063823353989,0.0867255866056065,1.64042,1.64042,52.893416062668,54.632261262668,1.968504,0,88.545278424,3.8333990728,23,5,14.762,56.600765262668,3.608924,0.223694,90.690947784,0,0,0,294.1, -0.1, 0.7,0,0,1024,1024,1024,1024,0,0,0,0,278,0,0,33,3.692,3.693,3.694,3.691,0,0,8.382,93.56,54.632261262668,1.64042,6,P-GPS,
466500,2023-07-20 18:40:36,52.2063823722302,0.0867256155432448,1.64042,1.64042,52.893416062668,54.632261262668,1.968504,0,88.550855852,3.8483268948,23,5,14.762,56.600765262668,3.608924,0.223694,90.690947784,0,0,0,294.1, -0.4, 0.3,0,1,1024,1024,1024,1024,0,0,0,0,278,0,0,33,3.692,3.693,3.694,3.691,0,0,8.382,93.56,54.632261262668,1.64042,6,P-GPS,
466700,2023-07-20 18:40:36,52.206382438656,0.086725664891005,1.64042,1.64042,52.893416062668,54.632261262668,1.968504,0,88.560370288,3.8749345072,23,5,14.763,56.600765262668,3.608924,0.223694,90.690947784,0,0,0,294.1, -0.1, -0.4,0,1,1024,1024,1024,1024,0,0,0,0,278,0,0,33,3.691,3.694,3.695,3.692,0,0,8.395,93.56,54.632261262668,1.64042,6,P-GPS,
466900,2023-07-20 18:40:36,52.2063824567964,0.0867256995882119,1.64042,1.64042,52.893416062668,54.632261262668,1.968504,0,88.56791622,3.8851379196,23,5,14.763,56.600765262668,3.608924,0.223694,90.690947784,0,0,0,294, -0.4, -0.2,0,1,1024,1024,1024,1024,0,0,0,0,278,0,0,33,3.691,3.694,3.695,3.692,0,0,8.395,93.56,54.632261262668,1.64042,6,P-GPS,
467100,2023-07-20 18:40:36,52.2063824526329,0.0867256683858888,1.64042,1.64042,52.893416062668,54.632261262668,1.968504,0,88.561026456,3.8922901508,23,5,14.763,56.600765262668,3.608924,0.223694,90.690947784,0,0,0,294.1, -0.4, -0.7,0,1,1024,1024,1024,1024,0,0,0,0,278,0,0,33,3.691,3.694,3.695,3.692,0,0,8.395,93.56,54.632261262668,1.64042,6,P-GPS,
467300,2023-07-20 18:40:37,52.2063823823948,0.0867255731293343,1.64042,1.64042,52.893416062668,54.632261262668,1.968504,0,88.541341416,3.9255906768,23,5,14.763,56.600765262668,3.608924,0.223694,90.690947784,0,0,0,294.1, -0.2, 0.6,0,1,1024,1024,1024,1024,0,0,0,0,278,0,0,33,3.691,3.694,3.695,3.692,0,0,8.395,93.56,54.632261262668,1.64042,6,P-GPS,
467500,2023-07-20 18:40:37,52.206382341143,0.0867254946761814,1.64042,1.64042,52.893416062668,54.632261262668,1.968504,0,88.524609132,3.9487205988,23,5,14.763,56.600765262668,3.608924,0.223694,90.690947784,0,0,0,293.9, -0.2, 1.8,0,1,1024,1024,1024,1024,0,0,0,0,278,0,0,33,3.691,3.694,3.695,3.692,0,0,8.395,93.56,54.632261262668,1.64042,6,P-GPS,
467700,2023-07-20 18:40:37,52.206382348669,0.0867254772297211,1.64042,1.64042,52.893416062668,54.632261262668,1.968504,0,88.520672124,3.9534778168,23,5,14.756,56.600765262668,3.608924,0.223694,90.690947784,0,0,0,293.9, -0.5, 0.1,0,1,1024,1024,1024,1024,0,0,0,0,278,0,0,33,3.687,3.69,3.691,3.689,0,0,8.496,93.74,54.632261262668,1.64042,6,P-GPS,
467900,2023-07-20 18:40:37,52.2063823510442,0.0867254327747984,1.64042,1.64042,52.893416062668,54.632261262668,1.968504,0,88.51050152,3.9634515704,23,5,14.756,56.600765262668,3.608924,0.223694,90.690947784,0,0,0,293.9, -0.2, -0.6,0,1,1024,1024,1024,1024,0,0,0,0,278,0,0,33,3.687,3.69,3.691,3.689,0,0,8.496,93.74,54.632261262668,1.64042,6,P-GPS,
468100,2023-07-20 18:40:37,52.2063823107326,0.0867253584316289,1.64042,1.64042,52.893416062668,54.632261262668,1.968504,0,88.494753488,3.9856628572,23,5,14.756,56.600765262668,3.608924,0.223694,90.690947784,0,0,0,294, 0, 0.4,0,1,1024,1024,1024,1024,0,0,0,0,278,0,0,33,3.687,3.69,3.691,3.689,0,0,8.496,93.74,54.632261262668,1.64042,6,P-GPS,
468300,2023-07-20 18:40:38,52.206382247937,0.0867253223085094,1.64042,1.64042,52.893416062668,54.632261262668,1.968504,0,88.488191808,4.0099410732,23,5,14.756,56.600765262668,3.608924,0.223694,90.690947784,0,0,0,294.1, -0.3, 1,0,1,1024,1024,1024,1024,0,0,0,0,278,0,0,33,3.687,3.69,3.691,3.689,0,0,8.496,93.74,54.632261262668,1.64042,6,P-GPS,
468500,2023-07-20 18:40:38,52.2063822169719,0.086725314675683,1.64042,1.64042,52.893416062668,54.632261262668,1.968504,0,88.487207556,4.0213912048,23,5,14.756,56.600765262668,3.608924,0.223694,90.690947784,0,0,0,294.2, -0.5, 0.4,0,1,1024,1024,1024,1024,0,0,0,0,278,0,0,33,3.687,3.69,3.691,3.689,0,0,8.496,93.74,54.632261262668,1.64042,6,P-GPS,
468700,2023-07-20 18:40:38,52.2063822205101,0.0867252805096984,1.64042,1.64042,52.893416062668,54.632261262668,1.968504,0,88.47933354,4.0291339872,23,5,14.756,56.600765262668,3.608924,0.223694,90.690947784,0,0,0,294.2, -0.4, 0.9,0,1,1024,1024,1024,1024,0,0,0,0,278,0,0,33,3.687,3.692,3.691,3.69,0,0,8.544,93.92,54.632261262668,1.64042,6,P-GPS,
468900,2023-07-20 18:40:38,52.2063822467762,0.0867252679560755,1.64042,1.64042,52.893416062668,54.632261262668,1.968504,0,88.4760527,4.0391077408,22,5,14.756,56.600765262668,3.608924,0.223694,90.690947784,0,0,0,294, 0.1, 0.2,0,1,1024,1024,1024,1024,0,0,0,0,278,0,0,33,3.687,3.692,3.691,3.69,0,0,8.544,93.92,54.632261262668,1.64042,6,P-GPS,
469100,2023-07-20 18:40:38,52.2063822770217,0.0867252798386807,1.64042,1.64042,52.893416062668,54.632261262668,1.968504,0,88.478021204,4.0504594472,22,5,14.756,56.600765262668,3.608924,0.223694,90.690947784,0,0,0,294.2, -0.8, -0.3,0,1,1024,1024,1024,1024,0,0,0,0,278,0,0,33,3.687,3.692,3.691,3.69,0,0,8.544,93.92,54.632261262668,1.64042,6,P-GPS,
469300,2023-07-20 18:40:39,52.2063822830036,0.0867252501181883,1.64042,1.64042,52.893416062668,54.632261262668,1.968504,0,88.471459524,4.0574476364,22,5,14.756,56.600765262668,3.608924,0.223694,90.690947784,0,0,0,294.2, -0.2, -0.5,0,1,1024,1024,1024,1024,0,0,0,0,278,0,0,33,3.687,3.692,3.691,3.69,0,0,8.544,93.92,54.632261262668,1.64042,6,P-GPS,
469500,2023-07-20 18:40:39,52.2063822731516,0.0867252099689625,1.64042,1.64042,52.893416062668,54.632261262668,1.968504,0,88.462601256,4.0671261144,22,5,14.756,56.600765262668,3.608924,0.223694,90.690947784,0,0,0,293.9, -0.3, 0.6,0,1,1024,1024,1024,1024,0,0,0,0,278,0,0,33,3.687,3.692,3.691,3.69,0,0,8.544,93.92,54.632261262668,1.64042,6,P-GPS,
469700,2023-07-20 18:40:39,52.2063822679408,0.0867252001832877,1.64042,1.64042,52.893416062668,54.632261262668,1.968504,0,88.460632752,4.0700132536,23,5,14.752,56.600765262668,3.608924,0.223694,90.690947784,0,0,0,294.1, -0.4, 0.3,0,1,1024,1024,1024,1024,0,0,0,0,278,0,0,33,3.688,3.692,3.691,3.689,0,0,8.511,93.92,54.632261262668,1.64042,6,P-GPS,
469900,2023-07-20 18:40:39,52.2063822548505,0.0867251357376293,1.64042,1.64042,52.893416062668,54.632261262668,1.968504,0,88.44652514,4.0852035428,23,5,14.752,56.600765262668,3.608924,0.223694,90.690947784,0,0,0,294, -0.1, 0,0,1,1024,1024,1024,1024,0,0,0,0,278,0,0,33,3.688,3.692,3.691,3.689,0,0,8.511,93.92,54.632261262668,1.64042,6,P-GPS,
470100,2023-07-20 18:40:39,52.2063822129219,0.086725075681545,1.64042,1.64042,52.893416062668,54.632261262668,1.968504,0,88.434057948,4.1055447508,23,5,14.752,56.600765262668,3.608924,0.223694,90.690947784,0,0,0,294.2, -0.4, 0.5,0,1,1024,1024,1024,1024,0,0,0,0,278,0,0,33,3.688,3.692,3.691,3.689,0,0,8.511,93.92,54.632261262668,1.64042,6,P-GPS,
470300,2023-07-20 18:40:40,52.2063821421056,0.0867249993532815,1.64042,1.64042,52.893416062668,54.632261262668,1.968504,0,88.418309916,4.1365158804,23,5,14.752,56.600765262668,3.608924,0.223694,90.690947784,0,0,0,294.2, -0.2, 1.6,0,1,1024,1024,1024,1024,0,0,0,0,278,0,0,33,3.688,3.692,3.691,3.689,0,0,8.511,93.92,54.632261262668,1.64042,6,P-GPS,
470500,2023-07-20 18:40:40,52.206382122316,0.0867249534444871,1.64042,1.64042,52.893416062668,54.632261262668,1.968504,0,88.408467396,4.1490814976,23,5,14.752,56.600765262668,3.608924,0.223694,90.690947784,0,0,0,294.1, -0.1, 1.1,0,1,1024,1024,1024,1024,0,0,0,0,278,0,0,33,3.688,3.692,3.691,3.689,0,0,8.511,93.92,54.632261262668,1.64042,6,P-GPS,
470700,2023-07-20 18:40:40,52.2063821259677,0.0867249400520922,1.64042,1.64042,52.893416062668,54.632261262668,1.968504,0,88.40551464,4.1523623376,23,5,14.75,56.600765262668,3.608924,0.223694,90.690947784,0,0,0,294, -0.1, 0.9,0,1,1024,1024,1024,1024,0,0,0,0,278,0,0,33,3.686,3.691,3.69,3.688,0,0,8.36,93.92,54.632261262668,1.64042,6,P-GPS,
470900,2023-07-20 18:40:40,52.2063821641354,0.0867249729040004,1.64042,1.64042,52.893416062668,54.632261262668,1.968504,0,88.41207632,4.1680775612,23,5,14.75,56.600765262668,3.608924,0.223694,90.690947784,0,0,0,294.1, -0.4, 0.3,0,1,1024,1024,1024,1024,0,0,0,0,278,0,0,33,3.686,3.691,3.69,3.688,0,0,8.36,93.92,54.632261262668,1.64042,6,P-GPS,
471100,2023-07-20 18:40:40,52.2063822012109,0.0867250049730548,1.64042,1.64042,52.893416062668,54.632261262668,1.968504,0,88.418309916,4.183399084,23,5,14.75,56.600765262668,3.608924,0.223694,90.690947784,0,0,0,294, -0.6, 0.3,0,1,1024,1024,1024,1024,0,0,0,0,278,0,0,33,3.686,3.691,3.69,3.688,0,0,8.36,93.92,54.632261262668,1.64042,6,P-GPS,
471300,2023-07-20 18:40:41,52.2063822547499,0.0867250124101676,1.64042,1.64042,52.893416062668,54.632261262668,1.968504,0,88.418966084,4.2030185072,23,5,14.75,56.600765262668,3.608924,0.223694,90.690947784,0,0,0,294.1, -0.2, -0.1,0,1,1024,1024,1024,1024,0,0,0,0,278,0,0,33,3.686,3.691,3.69,3.688,0,0,8.36,93.92,54.632261262668,1.64042,6,P-GPS,
471500,2023-07-20 18:40:41,52.2063822723892,0.086725004665505,1.64042,1.64042,52.893416062668,54.632261262668,1.968504,0,88.416669496,4.2096786124,23,5,14.75,56.600765262668,3.608924,0.223694,90.690947784,0,0,0,294, -0.1, 0,0,1,1024,1024,1024,1024,0,0,0,0,278,0,0,33,3.686,3.691,3.69,3.688,0,0,8.36,93.92,54.632261262668,1.64042,6,P-GPS,
471700,2023-07-20 18:40:41,52.2063822682599,0.0867249973402284,1.64042,1.64042,52.893416062668,54.632261262668,1.968504,0,88.41535716,4.2119095836,23,5,14.757,56.600765262668,3.608924,0.223694,90.690947784,0,0,0,294.1, -0.4, 0,0,1,1024,1024,1024,1024,0,0,0,0,278,0,0,33,3.686,3.691,3.689,3.687,0,0,8.402,93.92,54.632261262668,1.64042,6,P-GPS,
471900,2023-07-20 18:40:41,52.2063822542444,0.0867249879739397,1.64042,1.64042,52.893416062668,54.632261262668,1.968504,0,88.413388656,4.2174213948,24,5,14.757,56.600765262668,3.608924,0.223694,90.690947784,0,0,0,293.9, -0.2, 0.5,0,1,1024,1024,1024,1024,0,0,0,0,278,0,0,33,3.686,3.691,3.689,3.687,0,0,8.402,93.92,54.632261262668,1.64042,6,P-GPS,
472100,2023-07-20 18:40:42,52.2063822067709,0.0867250030438789,1.64042,1.64042,52.893416062668,54.632261262668,1.968504,0,88.417981832,4.235072314,24,5,14.757,56.600765262668,3.608924,0.223694,90.690947784,0,0,0,293.9, -0.8, 0.5,0,1,1024,1024,1024,1024,0,0,0,0,278,0,0,33,3.686,3.691,3.689,3.687,0,0,8.402,93.92,54.632261262668,1.64042,6,P-GPS,
472300,2023-07-20 18:40:42,52.2063821715737,0.0867249666970867,1.64042,1.64042,52.893416062668,54.632261262668,1.968504,0,88.4104359,4.2502626032,24,5,14.757,56.600765262668,3.608924,0.223694,90.690947784,0,0,0,294, -1, 0.1,0,1,1024,1024,1024,1024,0,0,0,0,278,0,0,33,3.686,3.691,3.689,3.687,0,0,8.402,93.92,54.632261262668,1.64042,6,P-GPS,
472500,2023-07-20 18:40:42,52.2063821414781,0.0867248754666384,1.64042,1.64042,52.893416062668,54.632261262668,1.968504,0,88.39075086,4.2734253336,24,5,14.757,56.600765262668,3.608924,0.223694,90.690947784,0,0,0,293.9, -0.2, 0.9,0,1,1024,1024,1024,1024,0,0,0,0,278,0,0,33,3.686,3.691,3.689,3.687,0,0,8.402,93.92,54.632261262668,1.64042,6,P-GPS,
472700,2023-07-20 18:40:42,52.2063821257856,0.0867248056248793,1.64042,1.64042,52.893416062668,54.632261262668,1.968504,0,88.375658996,4.2900591924,24,5,14.753,56.600765262668,3.608924,0.223694,90.690947784,0,0,0,293.9, -0.4, 1.2,0,1,1024,1024,1024,1024,0,0,0,0,278,0,0,33,3.686,3.69,3.69,3.688,0,0,8.396,94.1,54.632261262668,1.64042,6,P-GPS,
472900,2023-07-20 18:40:42,52.2063821420778,0.0867247736397022,1.64042,1.64042,52.893416062668,54.632261262668,1.968504,0,88.368113064,4.299376778,24,5,14.753,56.600765262668,3.608924,0.223694,90.690947784,0,0,0,294, -1, 0.8,0,1,1024,1024,1024,1024,0,0,0,0,278,0,0,33,3.686,3.69,3.69,3.688,0,0,8.396,94.1,54.632261262668,1.64042,6,P-GPS,
473100,2023-07-20 18:40:42,52.2063822030871,0.0867246806757915,1.64042,1.64042,52.893416062668,54.632261262668,1.968504,0,88.345803352,4.3298229732,23,5,14.753,56.600765262668,3.608924,0.223694,90.690947784,0,0,0,294, -0.7, 0.6,0,1,1024,1024,1024,1024,0,0,0,0,278,0,0,33,3.686,3.69,3.69,3.688,0,0,8.396,94.1,54.632261262668,1.64042,6,P-GPS,
473300,2023-07-20 18:40:43,52.2063822915619,0.0867245919896186,1.64042,1.64042,52.893416062668,54.632261262668,1.968504,0,88.324149808,4.3677166752,24,5,14.753,56.600765262668,3.608924,0.223694,90.690947784,0,0,0,293.9, 0, 0.8,0,1,1024,1024,1024,1024,0,0,0,0,278,0,0,33,3.686,3.69,3.69,3.688,0,0,8.396,94.1,54.632261262668,1.64042,6,P-GPS,
473500,2023-07-20 18:40:43,52.2063823871752,0.0867245632756528,1.64042,1.64042,52.893416062668,54.632261262668,1.968504,0,88.315619624,4.4031825556,24,5,14.753,56.600765262668,3.608924,0.223694,90.690947784,0,0,0,294.3, -0.6, -0.7,0,1,1024,1024,1024,1024,0,0,0,0,278,0,0,33,3.686,3.69,3.69,3.688,0,0,8.396,94.1,54.632261262668,1.64042,6,P-GPS,
473700,2023-07-20 18:40:43,52.2063824733455,0.0867245266213109,1.64042,1.64042,52.893416062668,54.632261262668,1.968504,0,88.305777104,4.4356628716,24,5,14.755,56.600765262668,3.608924,0.223694,90.690947784,0,0,0,294.1, -0.7, -0.7,0,1,1024,1024,1024,1024,0,0,0,0,278,0,0,33,3.687,3.69,3.69,3.688,0,0,8.27,94.1,54.632261262668,1.64042,6,P-GPS,
473900,2023-07-20 18:40:43,52.2063825094251,0.0867244627348339,1.64042,1.64042,52.893416062668,54.632261262668,1.968504,0,88.29068524,4.4550854444,24,5,14.755,56.600765262668,3.608924,0.223694,90.690947784,0,0,0,294.1, -0.1, 0,0,1,1024,1024,1024,1024,0,0,0,0,278,0,0,33,3.687,3.69,3.69,3.688,0,0,8.27,94.1,54.632261262668,1.64042,6,P-GPS,
474100,2023-07-20 18:40:43,52.2063825285615,0.0867244127999333,1.64042,1.64042,52.893416062668,54.632261262668,1.968504,0,88.2792023,4.4682416128,24,5,14.755,56.600765262668,3.608924,0.223694,90.690947784,0,0,0,294.2, -0.8, 0.8,0,1,1024,1024,1024,1024,0,0,0,0,278,0,0,33,3.687,3.69,3.69,3.688,0,0,8.27,94.1,54.632261262668,1.64042,6,P-GPS,
474300,2023-07-20 18:40:44,52.2063825755296,0.0867243958567364,1.64042,1.64042,52.893416062668,54.632261262668,1.968504,0,88.27428104,4.4857941068,24,5,14.755,56.600765262668,3.608924,0.223694,90.690947784,0,0,0,294.3, -0.7, 0.2,0,1,1024,1024,1024,1024,0,0,0,0,278,0,0,33,3.687,3.69,3.69,3.688,0,0,8.27,94.1,54.632261262668,1.64042,6,P-GPS,
474500,2023-07-20 18:40:44,52.2063826414071,0.0867243399665536,1.64042,1.64042,52.893416062668,54.632261262668,1.968504,0,88.260501512,4.5128938452,24,5,14.755,56.600765262668,3.608924,0.223694,90.690947784,0,0,0,294.3, -0.6, 0.1,0,1,1024,1024,1024,1024,0,0,0,0,278,0,0,33,3.687,3.69,3.69,3.688,0,0,8.27,94.1,54.632261262668,1.64042,6,P-GPS,
474700,2023-07-20 18:40:44,52.206382698602,0.0867242700409173,1.64042,1.64042,52.893416062668,54.632261262668,1.968504,0,88.243769228,4.5389765232,24,5,14.75,56.600765262668,3.608924,0.223694,90.690947784,0,0,0,294.3, 0, 0.2,0,1,1024,1024,1024,1024,0,0,0,0,278,0,0,33,3.684,3.688,3.689,3.688,0,0,8.35,94.1,54.632261262668,1.64042,6,P-GPS,
474900,2023-07-20 18:40:44,52.2063827327733,0.086724215073384,1.64042,1.64042,52.893416062668,54.632261262668,1.968504,0,88.230645868,4.5564634004,24,5,14.75,56.600765262668,3.608924,0.223694,90.690947784,0,0,0,294.2, 0, 0.4,0,1,1024,1024,1024,1024,0,0,0,0,278,0,0,33,3.684,3.688,3.689,3.688,0,0,8.35,94.1,54.632261262668,1.64042,6,P-GPS,
475100,2023-07-20 18:40:44,52.2063827561717,0.0867242239364095,1.64042,1.64042,52.893416062668,54.632261262668,1.968504,0,88.231958204,4.5652560516,24,5,14.75,56.600765262668,3.608924,0.223694,90.690947784,0,0,0,294, -0.7, 0.7,0,1,1024,1024,1024,1024,0,0,0,0,278,0,0,33,3.684,3.688,3.689,3.688,0,0,8.35,94.1,54.632261262668,1.64042,6,P-GPS,
475300,2023-07-20 18:40:45,52.206382787533,0.0867242565646452,1.64042,1.64042,52.893416062668,54.632261262668,1.968504,0,88.238847968,4.5788059208,24,5,14.75,56.600765262668,3.608924,0.223694,90.690947784,0,0,0,294.1, -0.4, 0.3,0,1,1024,1024,1024,1024,0,0,0,0,278,0,0,33,3.684,3.688,3.689,3.688,0,0,8.35,94.1,54.632261262668,1.64042,6,P-GPS,
475500,2023-07-20 18:40:45,52.2063828275727,0.0867242779533344,1.64042,1.64042,52.893416062668,54.632261262668,1.968504,0,88.242784976,4.5941930604,24,5,14.75,56.600765262668,3.608924,0.223694,90.690947784,0,0,0,293.9, -1.2, 0,0,1,1024,1024,1024,1024,0,0,0,0,278,0,0,33,3.684,3.688,3.689,3.688,0,0,8.35,94.1,54.632261262668,1.64042,6,P-GPS,
475700,2023-07-20 18:40:45,52.2063828409778,0.0867242704323443,1.64042,1.64042,52.893416062668,54.632261262668,1.968504,0,88.240816472,4.5993439792,24,5,14.746,56.600765262668,3.608924,0.223694,90.690947784,0,0,0,294.1, -0.8, -0.1,0,1,1024,1024,1024,1024,0,0,0,0,278,0,0,33,3.686,3.69,3.689,3.688,0,0,8.448,94.1,54.632261262668,1.64042,6,P-GPS,
475900,2023-07-20 18:40:45,52.2063828035767,0.0867241859959503,1.64042,1.64042,52.893416062668,54.632261262668,1.968504,0,88.222771852,4.6226379432,24,5,14.746,56.600765262668,3.608924,0.223694,90.690947784,0,0,0,294.1, -0.8, 1.2,0,1,1024,1024,1024,1024,0,0,0,0,278,0,0,33,3.686,3.69,3.689,3.688,0,0,8.448,94.1,54.632261262668,1.64042,6,P-GPS,
476100,2023-07-20 18:40:45,52.2063827828127,0.0867241000218073,1.64042,1.64042,52.893416062668,54.632261262668,1.968504,0,88.20374298,4.6433072352,24,5,14.746,56.600765262668,3.608924,0.223694,90.690947784,0,0,0,293.9, -0.4, 2,0,1,1024,1024,1024,1024,0,0,0,0,278,0,0,33,3.686,3.69,3.689,3.688,0,0,8.448,94.1,54.632261262668,1.64042,6,P-GPS,
476300,2023-07-20 18:40:46,52.2063828594116,0.0867240601242131,1.64042,1.64042,52.893416062668,54.632261262668,1.968504,0,88.193244292,4.6726379448,24,5,14.746,56.600765262668,3.608924,0.223694,90.690947784,0,0,0,294.2, 0, 1.2,0,1,1024,1024,1024,1024,0,0,0,0,278,0,0,33,3.686,3.69,3.689,3.688,0,0,8.448,94.1,54.632261262668,1.64042,6,P-GPS,
476500,2023-07-20 18:40:46,52.2063829576913,0.0867240605995173,1.64042,1.64042,52.893416062668,54.632261262668,1.968504,0,88.191275788,4.708497526,23,5,14.746,56.600765262668,3.608924,0.223694,90.690947784,0,0,0,294.2, -1, 0.9,0,1,1024,1024,1024,1024,0,0,0,0,278,0,0,33,3.686,3.69,3.689,3.688,0,0,8.448,94.1,54.632261262668,1.64042,6,P-GPS,
476700,2023-07-20 18:40:46,52.2063830434505,0.0867240570487153,1.64042,1.64042,52.893416062668,54.632261262668,1.968504,0,88.1889792,4.7397967396,23,5,14.748,56.600765262668,3.608924,0.223694,90.690947784,0,0,0,294.1, -0.4, 0.4,0,1,1024,1024,1024,1024,0,0,0,0,278,0,0,33,3.685,3.688,3.688,3.686,0,0,8.318,94.1,54.632261262668,1.64042,6,P-GPS,
476900,2023-07-20 18:40:46,52.2063831221462,0.0867240609629852,1.64042,1.64042,52.893416062668,54.632261262668,1.968504,0,88.187994948,4.768536898,24,5,14.748,56.600765262668,3.608924,0.223694,90.690947784,0,0,0,294, 0, 0.7,0,1,1024,1024,1024,1024,0,0,0,0,278,0,0,33,3.685,3.688,3.688,3.686,0,0,8.318,94.1,54.632261262668,1.64042,6,P-GPS,
477100,2023-07-20 18:40:46,52.2063831792212,0.0867241098913593,1.64042,1.64042,52.893416062668,54.632261262668,1.968504,0,88.197837468,4.7920605208,24,5,14.748,56.600765262668,3.608924,0.223694,90.690947784,0,0,0,294, 0, 0.3,0,1,1024,1024,1024,1024,0,0,0,0,278,0,0,33,3.685,3.688,3.688,3.686,0,0,8.318,94.1,54.632261262668,1.64042,6,P-GPS,
477300,2023-07-20 18:40:47,52.206383201039,0.0867241889036936,1.64042,1.64042,52.893416062668,54.632261262668,1.968504,0,88.214897836,4.8114174768,24,5,14.748,56.600765262668,3.608924,0.223694,90.690947784,0,0,0,293.8, -0.5, 1.8,0,1,1024,1024,1024,1024,0,0,0,0,278,0,0,33,3.685,3.688,3.688,3.686,0,0,8.318,94.1,54.632261262668,1.64042,6,P-GPS,
477500,2023-07-20 18:40:47,52.2063832597352,0.0867243162572615,1.64042,1.64042,52.893416062668,54.632261262668,1.968504,0,88.242128808,4.8470473992,24,5,14.748,56.600765262668,3.608924,0.223694,90.690947784,0,0,0,293.9, -1, 0.1,0,1,1024,1024,1024,1024,0,0,0,0,278,0,0,33,3.685,3.688,3.688,3.686,0,0,8.318,94.1,54.632261262668,1.64042,6,P-GPS,
477700,2023-07-20 18:40:47,52.2063832853932,0.086724401252837,1.64042,1.64042,52.893416062668,54.632261262668,1.968504,0,88.260829596,4.8682416256,24,5,14.743,56.600765262668,3.608924,0.223694,90.690947784,0,0,0,293.8, -0.5, 0.9,0,1,1024,1024,1024,1024,0,0,0,0,278,0,0,33,3.686,3.689,3.69,3.687,0,0,8.445,94.28,54.632261262668,1.64042,6,P-GPS,
477900,2023-07-20 18:40:47,52.2063833232375,0.0867244660060452,1.64042,1.64042,52.893416062668,54.632261262668,1.968504,0,88.27428104,4.8882547496,24,5,14.743,56.600765262668,3.608924,0.223694,90.690947784,0,0,0,294, -0.4, 0.2,0,1,1024,1024,1024,1024,0,0,0,0,278,0,0,33,3.686,3.689,3.69,3.687,0,0,8.445,94.28,54.632261262668,1.64042,6,P-GPS,
478100,2023-07-20 18:40:47,52.206383308678,0.0867245442355256,1.64042,1.64042,52.893416062668,54.632261262668,1.968504,0,88.29232566,4.9065290284,24,5,14.743,56.600765262668,3.608924,0.223694,90.690947784,0,0,0,293.9, -1.1, 1.2,0,1,1024,1024,1024,1024,0,0,0,0,278,0,0,33,3.686,3.689,3.69,3.687,0,0,8.445,94.28,54.632261262668,1.64042,6,P-GPS,
478300,2023-07-20 18:40:48,52.2063833037456,0.0867245825953708,1.64042,1.64042,52.893416062668,54.632261262668,1.968504,0,88.300855844,4.9152888712,24,5,14.743,56.600765262668,3.608924,0.223694,90.690947784,0,0,0,294.2, -0.5, 0.4,0,1,1024,1024,1024,1024,0,0,0,0,278,0,0,33,3.686,3.689,3.69,3.687,0,0,8.445,94.28,54.632261262668,1.64042,6,P-GPS,
478500,2023-07-20 18:40:48,52.2063832748965,0.0867245966867426,1.64042,1.64042,52.893416062668,54.632261262668,1.968504,0,88.304464768,4.9262796852,24,5,14.743,56.600765262668,3.608924,0.223694,90.690947784,0,0,0,294.2, -0.6, 0.7,0,1,1024,1024,1024,1024,0,0,0,0,278,0,0,33,3.686,3.689,3.69,3.687,0,0,8.445,94.28,54.632261262668,1.64042,6,P-GPS,
478700,2023-07-20 18:40:48,52.2063832712749,0.0867245828470025,1.64042,1.64042,52.893416062668,54.632261262668,1.968504,0,88.301512012,4.929626142,24,5,14.745,56.600765262668,3.608924,0.223694,90.690947784,0,0,0,294.1, -0.9, 1.2,0,1,1024,1024,1024,1024,0,0,0,0,278,0,0,33,3.685,3.687,3.688,3.686,0,0,8.333,94.28,54.632261262668,1.64042,6,P-GPS,
478900,2023-07-20 18:40:48,52.2063832671842,0.0867245500510123,1.64042,1.64042,52.893416062668,54.632261262668,1.968504,0,88.294294164,4.9371392656,24,5,14.745,56.600765262668,3.608924,0.223694,90.690947784,0,0,0,294.2, -0.3, 1.4,0,1,1024,1024,1024,1024,0,0,0,0,278,0,0,33,3.685,3.687,3.688,3.686,0,0,8.333,94.28,54.632261262668,1.64042,6,P-GPS,
479100,2023-07-20 18:40:48,52.2063833261653,0.0867245741237723,1.64042,1.64042,52.893416062668,54.632261262668,1.968504,0,88.298559256,4.959317744,24,5,14.745,56.600765262668,3.608924,0.223694,90.690947784,0,0,0,294.1, 0, 1.3,0,1,1024,1024,1024,1024,0,0,0,0,278,0,0,33,3.685,3.687,3.688,3.686,0,0,8.333,94.28,54.632261262668,1.64042,6,P-GPS,
479300,2023-07-20 18:40:49,52.2063833759541,0.0867246845061842,1.64042,1.64042,52.893416062668,54.632261262668,1.968504,0,88.322181304,4.9899607896,24,5,14.745,56.600765262668,3.608924,0.223694,90.690947784,0,0,0,294.2, -0.4, 0.5,0,1,1024,1024,1024,1024,0,0,0,0,278,0,0,33,3.685,3.687,3.688,3.686,0,0,8.333,94.28,54.632261262668,1.64042,6,P-GPS,
479500,2023-07-20 18:40:49,52.206383426576,0.0867247748419423,1.64042,1.64042,52.893416062668,54.632261262668,1.968504,0,88.341210176,5.0173229952,24,5,14.745,56.600765262668,3.608924,0.223694,90.690947784,0,0,0,294, -0.9, 0.7,0,1,1024,1024,1024,1024,0,0,0,0,278,0,0,33,3.685,3.687,3.688,3.686,0,0,8.333,94.28,54.632261262668,1.64042,6,P-GPS,
479700,2023-07-20 18:40:49,52.2063834686781,0.0867248516734691,1.64042,1.64042,52.893416062668,54.632261262668,1.968504,0,88.357614376,5.040354492,23,5,14.74,56.600765262668,3.608924,0.223694,90.690947784,0,0,0,294.1, -0.9, 0,0,0,1024,1024,1024,1024,0,0,0,0,278,0,0,33,3.685,3.689,3.69,3.688,0,0,8.51,94.28,54.632261262668,1.64042,6,P-GPS,
479900,2023-07-20 18:40:49,52.2063835098293,0.0867248945067657,1.64042,1.64042,52.893416062668,54.632261262668,1.968504,0,88.366472644,5.0581694532,24,5,14.74,56.600765262668,3.608924,0.223694,90.690947784,0,0,0,294.1, -0.3, 0.1,0,0,1024,1024,1024,1024,0,0,0,0,278,0,0,33,3.685,3.689,3.69,3.688,0,0,8.51,94.28,54.632261262668,1.64042,6,P-GPS,
480100,2023-07-20 18:40:50,52.2063835034277,0.0867249212356374,1.64042,1.64042,52.893416062668,54.632261262668,1.968504,0,88.372378156,5.0645998996,24,5,14.74,56.600765262668,3.608924,0.223694,90.690947784,0,0,0,294, -0.8, 1.4,0,0,1024,1024,1024,1024,0,0,0,0,278,0,0,33,3.685,3.689,3.69,3.688,0,0,8.51,94.28,54.632261262668,1.64042,6,P-GPS,
480300,2023-07-20 18:40:50,52.2063835825282,0.0867249766505159,1.64042,1.64042,52.893416062668,54.632261262668,1.968504,0,88.383204928,5.0959975384,24,5,14.74,56.600765262668,3.608924,0.223694,90.690947784,0,0,0,293.8, -0.6, 0.3,0,0,1024,1024,1024,1024,0,0,0,0,278,0,0,33,3.685,3.689,3.69,3.688,0,0,8.51,94.28,54.632261262668,1.64042,6,P-GPS,
480500,2023-07-20 18:40:50,52.2063836497314,0.0867249914129054,1.64042,1.64042,52.893416062668,54.632261262668,1.968504,0,88.385173432,5.120735072,24,5,14.74,56.600765262668,3.608924,0.223694,90.690947784,0,0,0,293.9, -1.1, -0.2,0,0,1024,1024,1024,1024,0,0,0,0,278,0,0,33,3.685,3.689,3.69,3.688,0,0,8.51,94.28,54.632261262668,1.64042,6,P-GPS,
480700,2023-07-20 18:40:50,52.2063836603844,0.0867249318321253,1.64042,1.64042,52.893416062668,54.632261262668,1.968504,0,88.371721988,5.1346130252,24,5,14.741,56.600765262668,3.608924,0.223694,90.690947784,0,0,0,294, -0.7, 0.3,0,0,1024,1024,1024,1024,0,0,0,0,278,0,0,32,3.684,3.688,3.689,3.685,0,0,8.278,94.28,54.632261262668,1.64042,6,P-GPS,
480900,2023-07-20 18:40:50,52.2063836440087,0.0867248523724458,1.64042,1.64042,52.893416062668,54.632261262668,1.968504,0,88.354333536,5.1533466216,24,5,14.741,56.600765262668,3.608924,0.223694,90.690947784,0,0,0,294.1, -0.1, 1.4,0,0,1024,1024,1024,1024,0,0,0,0,278,0,0,32,3.684,3.688,3.689,3.685,0,0,8.278,94.28,54.632261262668,1.64042,6,P-GPS,
481100,2023-07-20 18:40:50,52.2063836681503,0.0867248152987178,1.64042,1.64042,52.893416062668,54.632261262668,1.968504,0,88.345475268,5.1654529212,24,5,14.741,56.600765262668,3.608924,0.223694,90.690947784,0,0,0,293.9, -0.5, 1.7,0,0,1024,1024,1024,1024,0,0,0,0,278,0,0,32,3.684,3.688,3.689,3.685,0,0,8.278,94.28,54.632261262668,1.64042,6,P-GPS,
481300,2023-07-20 18:40:51,52.2063837471565,0.0867248465569591,1.64042,1.64042,52.893416062668,54.632261262668,1.968504,0,88.351052696,5.1951117148,24,5,14.741,56.600765262668,3.608924,0.223694,90.690947784,0,0,0,294.2, -0.6, 0,0,0,1024,1024,1024,1024,0,0,0,0,278,0,0,32,3.684,3.688,3.689,3.685,0,0,8.278,94.28,54.632261262668,1.64042,6,P-GPS,
481500,2023-07-20 18:40:51,52.20638377317,0.0867248329968097,1.64042,1.64042,52.893416062668,54.632261262668,1.968504,0,88.347443772,5.2050854684,24,5,14.741,56.600765262668,3.608924,0.223694,90.690947784,0,0,0,294.3, -0.5, 0.1,0,0,470,1024,1024,1024,-84,0,0,0,278,0,0,32,3.684,3.688,3.689,3.685,0,0,8.278,94.28,54.632261262668,1.64042,6,P-GPS,
481700,2023-07-20 18:40:51,52.2063837310229,0.0867247939939058,1.64042,1.64042,52.893416062668,54.632261262668,1.968504,0,88.339569756,5.222769196,24,5,14.746,56.600765262668,3.608924,0.223694,90.690947784,0,0,0,294.2, -0.3, 1.1,0,0,797,1024,1024,1024,-34,0,0,0,278,0,0,32,3.687,3.693,3.694,3.691,0,0,8.295,94.28,54.632261262668,1.64042,6,P-GPS,
481900,2023-07-20 18:40:51,52.2063836637447,0.086724779874575,1.64042,1.64042,52.893416062668,54.632261262668,1.968504,0,88.337601252,5.2475067296,24,5,14.746,56.600765262668,3.608924,0.223694,90.690947784,0,0,0,293.9, 1, 1.8,0,0,1024,1024,1024,1024,0,0,0,0,278,0,0,32,3.687,3.693,3.694,3.691,0,0,8.295,94.28,54.632261262668,1.64042,6,P-GPS,
482100,2023-07-20 18:40:51,52.2063835973961,0.0867249246746032,1.64042,1.64042,52.893416062668,54.632261262668,1.968504,0,88.371393904,5.2879266784,24,5,14.746,56.600765262668,3.608924,0.223694,90.690947784,0,0,0,293.9, -1.8, 1.2,0,0,364,1101,1024,1024,-100,12,0,0,278,0,0,32,3.687,3.693,3.694,3.691,0,0,8.295,94.28,54.632261262668,1.64042,6,P-GPS,
482300,2023-07-20 18:40:52,52.2063835451957,0.0867249955788069,1.64042,1.64042,52.893416062668,54.632261262668,1.968504,0,88.388126188,5.3126970204,24,5,14.746,56.600765262668,3.608924,0.223694,90.690947784,0,0,0,294, -0.1, 0.7,0,0,364,1192,1024,1024,-100,25,0,0,278,0,0,32,3.687,3.693,3.694,3.691,0,0,8.295,94.28,54.632261262668,1.64042,6,P-GPS,
482500,2023-07-20 18:40:52,52.2063834593338,0.0867250597728337,1.64042,1.64042,52.893416062668,54.632261262668,1.968504,0,88.404202304,5.3471786488,24,5,14.746,56.600765262668,3.608924,0.223694,90.690947784,0,0,0,294, 1.2, 1.6,0,0,364,1147,1024,1024,-100,19,0,0,278,0,0,32,3.687,3.693,3.694,3.691,0,0,8.295,94.28,54.632261262668,1.64042,6,P-GPS,
482700,2023-07-20 18:40:52,52.2063833407547,0.0867252724295269,1.64042,1.64042,52.893416062668,54.632261262668,1.968504,0.223694,88.454071072,5.4114503044,24,5,14.744,56.600765262668,3.608924,0.223694,90.690947784,0,0.223694,0,294, 0.6, 0.4,0,0,364,1116,1024,1024,-100,14,0,0,278,0,0,32,3.682,3.687,3.688,3.686,0,0,8.403,94.28,54.632261262668,1.64042,6,P-GPS,
482900,2023-07-20 18:40:52,52.2063831875439,0.086725586409893,1.64042,1.64042,52.893416062668,54.632261262668,1.968504,0.3131716,88.527233804,5.5011812784,24,5,14.744,56.600765262668,3.608924,0.3131716,90.690947784,-0.223694,0.223694,0,294.1, 1.2, 0.4,0,0,364,1112,1024,1024,-100,13,0,0,278,0,0,32,3.682,3.687,3.688,3.686,0,0,8.403,94.28,54.632261262668,1.64042,6,P-GPS,
483100,2023-07-20 18:40:52,52.2063829617114,0.0867260402694907,1.64042,1.64042,52.893416062668,54.632261262668,1.968504,0.3131716,88.633204936,5.631889944,24,5,14.744,56.600765262668,3.608924,0.3131716,90.690947784,-0.223694,0.223694,0,294, 1.2, 1.4,0,0,364,1079,1024,1024,-100,8,0,0,278,0,0,32,3.682,3.687,3.688,3.686,0,0,8.403,94.28,54.632261262668,1.64042,6,P-GPS,
483300,2023-07-20 18:40:53,52.2063827066913,0.0867266747167273,1.64042,1.64042,52.893416062668,54.632261262668,1.968504,0.4921268,88.780186568,5.8015421804,24,5,14.744,56.600765262668,3.608924,0.4921268,90.690947784,-0.223694,0.447388,0,293.9, 1, 1.2,0,0,1024,1024,1024,1024,0,0,0,0,278,0,0,32,3.682,3.687,3.688,3.686,0,0,8.403,94.28,54.632261262668,1.64042,6,P-GPS,
483500,2023-07-20 18:40:53,52.2063824389494,0.0867274559211271,1.64042,1.64042,52.893416062668,54.632261262668,1.968504,0.4921268,88.960304684,6.0016734204,24,5,14.744,56.600765262668,3.608924,0.4921268,90.690947784,-0.223694,0.447388,0,293.9, 0.7, 0.9,0,0,1024,1024,726,1024,0,0,-45,0,278,0,0,32,3.682,3.687,3.688,3.686,0,0,8.403,94.28,54.632261262668,1.64042,6,P-GPS,
483700,2023-07-20 18:40:53,52.2063821285891,0.0867283110772693,1.64042,1.64042,52.893416062668,54.632261262668,1.968504,0.4921268,89.157811252,6.2238847136,24,5,14.734,56.600765262668,3.608924,0.4921268,90.690947784,-0.223694,0.447388,0,293.9, -6.1, 1.5,0,0,1024,1024,364,991,0,0,-100,-5,278,0,0,32,3.684,3.688,3.688,3.684,0,0,8.427,94.28,54.632261262668,1.64042,6,P-GPS,
483900,2023-07-20 18:40:53,52.2063819576256,0.0867288380498374,1.64042,1.64042,52.893416062668,54.632261262668,1.968504,0,89.279202332,6.3572180512,24,5,14.734,56.600765262668,3.608924,0.4921268,90.690947784,0,0,0,294, -4.3, 1.4,0,0,1024,1024,364,990,0,0,-100,-5,278,0,0,32,3.684,3.688,3.688,3.684,0,0,8.427,94.28,54.632261262668,1.64042,6,P-GPS,
484100,2023-07-20 18:40:53,52.2063819321582,0.0867289869318899,1.64042,1.64042,52.893416062668,54.632261262668,1.968504,0,89.312994984,6.3917652964,24,5,14.734,56.600765262668,3.608924,0.4921268,90.690947784,0,0,0,293.8, -2.1, 1.7,0,0,1024,1024,364,988,0,0,-100,-5,277.9,0,0,32,3.684,3.688,3.688,3.684,0,0,8.427,94.28,54.632261262668,1.64042,6,P-GPS,
484300,2023-07-20 18:40:54,52.2063819641193,0.0867289687025757,1.64042,1.64042,52.893416062668,54.632261262668,1.64042,0,89.308073724,6.4041340632,23,5,14.734,56.600765262668,3.608924,0.4921268,90.690947784,0,0,0,293.7, -0.9, 2.3,0,0,1024,1024,364,990,0,0,-100,-5,277.9,0,0,32,3.684,3.688,3.688,3.684,0,0,8.427,94.28,54.632261262668,1.64042,6,P-GPS,
484500,2023-07-20 18:40:54,52.2063820735188,0.086728929783549,1.312336,1.312336,52.893416062668,54.304177262668,1.64042,0,89.297246952,6.4449805212,22,5,14.734,56.600765262668,3.608924,0.4921268,90.690947784,0,0,0,293.8, -0.3, 1.5,0,0,1024,1024,364,991,0,0,-100,-5,277.9,0,0,32,3.684,3.688,3.688,3.684,0,0,8.427,94.28,54.304177262668,1.312336,6,P-GPS,
484700,2023-07-20 18:40:54,52.2063822385498,0.0867289035858996,1.312336,1.312336,52.893416062668,54.304177262668,1.64042,0,89.287732516,6.5054792108,23,5,14.73,56.600765262668,3.608924,0.4921268,90.690947784,0,0,0,293.8, 0, 0.8,0,0,1024,1024,364,991,0,0,-100,-5,277.9,0,0,32,3.683,3.688,3.685,3.684,0,0,8.555,94.46,54.304177262668,1.312336,33,Confirm_Landing,
484900,2023-07-20 18:40:54,52.2063823594034,0.0867288800164028,1.312336,1.312336,52.893416062668,54.304177262668,1.64042,0,89.2798585,6.549868976,23,5,14.73,56.600765262668,3.608924,0.4921268,90.690947784,0,0,0.447388,293.5, 0, 1.6,0,0,1024,1024,364,991,0,0,-100,-5,277.9,0,0,32,3.683,3.688,3.685,3.684,0,0,8.555,94.46,54.304177262668,1.312336,33,Confirm_Landing,
485100,2023-07-20 18:40:54,52.2063824527764,0.0867288817498652,0.984252,0.984252,52.893416062668,53.976093262668,1.312336,0,89.27821808,6.5839569036,23,5,14.73,56.600765262668,3.608924,0.4921268,90.690947784,0,0,0.894776,293.4, 0.1, 1.3,0,0,1024,1024,364,991,0,0,-100,-5,277.9,0,0,32,3.683,3.688,3.685,3.684,0,0,8.555,94.46,53.976093262668,0.984252,33,Confirm_Landing,
485300,2023-07-20 18:40:55,52.206382552279,0.0867288722996993,0.656168,0.656168,52.893416062668,53.648009262668,0.984252,0,89.273952988,6.6203086108,24,5,14.73,56.600765262668,3.608924,0.4921268,90.690947784,0,0,0.671082,293.8, -0.4, 1.2,0,0,1024,1024,364,993,0,0,-100,-5,277.8,0,0,32,3.683,3.688,3.685,3.684,0,0,8.555,94.46,53.648009262668,0.656168,33,Confirm_Landing,
485500,2023-07-20 18:40:55,52.2063826478409,0.0867288192333827,0.656168,0.656168,52.893416062668,53.648009262668,0.984252,0,89.26017346,6.657152444,23,5,14.73,56.600765262668,3.608924,0.4921268,90.690947784,0,0,0.671082,294, 0, 1.2,0,0,1024,1024,364,994,0,0,-100,-5,277.9,0,0,32,3.683,3.688,3.685,3.684,0,0,8.555,94.46,53.648009262668,0.656168,33,Confirm_Landing,
485700,2023-07-20 18:40:55,52.2063827684952,0.0867287740235651,0.328084,0.328084,52.893416062668,53.319925262668,0.656168,0,89.247378184,6.7022968024,24,5,14.757,56.600765262668,3.608924,0.4921268,90.690947784,0,0,0.447388,294.1, 0.6, 0.5,0,0,1024,1024,364,992,0,0,-100,-5,277.9,0,0,32,3.684,3.688,3.686,3.685,0,0,7.95,94.46,53.319925262668,0.328084,33,Confirm_Landing,
485900,2023-07-20 18:40:55,52.2063828415775,0.0867287351884156,0.328084,0.328084,52.893416062668,53.319925262668,0.656168,0,89.23720758,6.7303479844,24,5,14.757,56.600765262668,3.608924,0.4921268,90.690947784,0,0,0.447388,294, 1.1, 0.4,0,0,1024,1024,364,993,0,0,-100,-5,277.9,0,0,32,3.684,3.688,3.686,3.685,0,0,7.95,94.46,53.319925262668,0.328084,33,Confirm_Landing,
486100,2023-07-20 18:40:55,52.2063828673061,0.0867287133803403,0,0,52.893416062668,52.991841262668,0.328084,0,89.231958236,6.7409122892,24,5,14.757,56.600765262668,3.608924,0.4921268,90.690947784,0,0,0.447388,294.1, 0.7, 0,0,0,1024,1024,364,993,0,0,-100,-5,277.9,0,0,32,3.684,3.688,3.686,3.685,0,0,7.95,94.46,52.991841262668,0,33,Confirm_Landing,
486300,2023-07-20 18:40:56,52.2063828566959,0.0867286636411532,0,0,52.893416062668,52.991841262668,0.328084,0,89.221131464,6.7526905048,23,5,14.757,56.600765262668,3.608924,0.4921268,90.690947784,0,0,0.223694,294.4, 1, 0.5,0,0,1024,1024,364,998,0,0,-100,-4,277.9,0,0,32,3.684,3.688,3.686,3.685,0,0,7.95,94.46,52.991841262668,0,33,Confirm_Landing,
486500,2023-07-20 18:40:56,52.206382807147,0.086728642252464,0,0,52.893416062668,52.991841262668,0.328084,0,89.217194456,6.7713912928,24,5,14.757,56.600765262668,3.608924,0.4921268,90.690947784,0,0,0.223694,294.3, 0.9, 0.9,0,0,1024,1024,364,1000,0,0,-100,-4,277.9,0,0,32,3.684,3.688,3.686,3.685,0,0,7.95,94.46,52.991841262668,0,33,Confirm_Landing,
486700,2023-07-20 18:40:56,52.2063827347672,0.0867286610130006,-0.328084,-0.328084,52.893416062668,52.663757262668,0.328084,0,89.223099968,6.7981301388,24,5,14.751,56.600765262668,3.608924,0.4921268,90.690947784,0,0,0,294.1, 3.4, 0.4,0,0,1024,1024,364,1008,0,0,-100,-2,277.9,0,0,32,3.691,3.697,3.696,3.697,0,0,8.143,94.64,52.663757262668,-0.328084,33,Confirm_Landing,
486900,2023-07-20 18:40:56,52.2063826596975,0.0867287020289575,-0.328084,-0.328084,52.893416062668,52.663757262668,0.328084,0,89.233598656,6.8270343392,24,5,14.751,56.600765262668,3.608924,0.4921268,90.690947784,0,0,0,294.2, 4.2, 0.3,0,0,1024,1024,364,1011,0,0,-100,-2,277.9,0,0,32,3.691,3.697,3.696,3.697,0,0,8.143,94.64,52.663757262668,-0.328084,33,Confirm_Landing,
487100,2023-07-20 18:40:57,52.2063826214462,0.0867286992330505,-0.328084,-0.328084,52.893416062668,52.663757262668,0,0,89.23392674,6.8410107176,24,5,14.751,56.600765262668,3.608924,0.4921268,90.690947784,0,0,0,294.3, 4.2, 0.3,0,0,1024,1024,364,1014,0,0,-100,-2,277.9,0,0,32,3.691,3.697,3.696,3.697,0,0,8.143,94.64,52.663757262668,-0.328084,33,Confirm_Landing,
487300,2023-07-20 18:40:57,52.2063826067239,0.0867286723364243,-0.328084,-0.328084,52.893416062668,52.663757262668,0,0,89.228349312,6.8490487756,24,5,14.751,56.600765262668,3.608924,0.4921268,90.690947784,0,0,0,294.2, 4.2, 0.3,0,0,1024,1024,364,1018,0,0,-100,-1,277.9,0,0,32,3.691,3.697,3.696,3.697,0,0,8.143,94.64,52.663757262668,-0.328084,33,Confirm_Landing,
487500,2023-07-20 18:40:57,52.2063825784617,0.086728633976579,-0.328084,-0.328084,52.893416062668,52.663757262668,0,0,89.220147212,6.8624674112,24,5,14.751,56.600765262668,3.608924,0.4921268,90.690947784,0,0,0,294.3, 4.2, 0.3,0,0,1024,1024,1024,1024,0,0,0,0,277.9,0,0,32,3.691,3.697,3.696,3.697,0,0,8.143,94.64,52.663757262668,-0.328084,33,Confirm_Landing,
487600,2023-07-20 18:40:57,52.2063825294524,0.0867285698664295,0,0,52.893416062668,52.991841262668,0,0,89.207023852,6.8854004828,24,5,14.751,56.600765262668,3.608924,0.4921268,90.690947784,0,0,0,294.3, 4.2, 0.3,0,0,1024,1024,1024,1024,0,0,0,0,277.9,0,0,32,3.691,3.697,3.696,3.697,0,0,8.143,94.64,52.991841262668,0,6,P-GPS,
